player_id,recent_minutes_last_5,times_unavailable_last_10,max_consecutive_unavailable,total_minutes_last_10
1,450,0,0,900
2,0,10,21,0
3,0,10,21,0
4,0,10,21,0
5,275,6,6,275
6,450,3,3,630
7,90,5,4,400
8,352,1,1,758
9,0,10,21,0
10,116,3,1,225
11,7,6,12,217
13,0,10,21,0
14,0,10,21,0
15,0,10,21,0
16,362,0,2,739
17,423,1,5,669
18,85,3,6,201
19,110,2,3,286
20,336,2,2,486
21,360,1,1,802
22,174,1,1,518
23,0,10,21,0
24,17,9,8,17
25,0,9,9,2
26,450,0,0,833
28,0,10,21,0
29,0,10,21,0
30,0,10,20,0
31,107,4,15,116
266,12,4,4,303
662,0,7,7,135
666,338,1,2,488
700,0,10,18,0
711,0,10,19,0
725,416,0,5,863
759,0,7,7,0
32,405,2,1,675
33,45,7,10,225
34,0,10,21,0
35,0,10,21,0
36,359,1,1,805
37,205,1,1,375
38,450,0,1,900
39,241,2,1,519
40,0,10,11,0
41,0,6,6,355
42,30,8,18,30
43,0,10,21,0
44,114,1,3,141
45,0,10,21,0
46,0,10,21,0
47,441,0,0,891
48,441,0,6,798
49,0,10,21,0
50,217,0,1,337
51,0,10,21,0
53,126,0,0,308
54,340,0,0,737
55,0,8,8,34
56,0,10,21,0
57,0,10,21,0
58,340,1,2,766
59,159,3,4,401
60,0,10,21,0
61,0,10,21,0
62,8,9,18,8
63,0,10,21,0
64,368,0,0,695
65,0,10,21,0
389,0,10,15,0
456,176,3,4,215
677,6,8,4,91
688,0,10,21,0
701,0,10,20,0
702,0,10,18,0
703,0,10,20,0
710,0,10,19,0
719,450,3,7,544
754,8,9,7,8
757,0,8,8,0
768,0,5,5,0
781,0,2,2,0
792,0,1,1,0
183,0,10,21,0
184,0,10,21,0
185,0,10,21,0
186,0,10,21,0
187,436,1,1,796
188,0,10,21,0
189,0,10,21,0
190,360,3,4,630
191,104,3,2,554
192,0,6,5,360
193,345,6,11,345
194,0,10,21,0
195,450,4,10,492
196,0,10,21,0
197,49,6,12,62
198,0,7,6,256
199,90,8,7,135
200,205,1,1,365
201,0,10,21,0
202,207,1,2,442
203,0,10,21,0
204,0,10,21,0
205,142,3,3,572
206,315,2,8,376
207,57,6,6,165
208,0,10,21,0
209,450,2,1,496
210,123,4,2,317
211,0,10,21,0
212,0,10,21,0
213,9,9,19,9
214,12,6,15,19
215,66,3,3,317
216,0,10,21,0
217,14,4,4,302
218,2,9,10,2
219,0,10,21,0
470,450,0,0,900
676,402,0,1,694
680,340,0,3,551
722,304,1,1,656
776,0,3,3,0
784,0,2,2,0
66,0,10,21,0
67,450,0,0,900
68,0,10,21,0
69,0,10,21,0
70,0,10,21,0
71,0,10,21,0
72,450,1,1,781
73,46,4,7,309
74,436,0,0,886
75,0,10,21,0
76,0,10,21,0
77,270,5,6,299
78,0,10,21,0
79,0,10,21,0
80,13,8,9,33
81,271,2,1,522
84,446,0,0,836
85,0,6,5,243
86,287,1,1,383
87,16,8,4,61
88,286,4,3,421
89,0,10,21,0
90,337,0,0,681
91,0,10,21,0
92,0,10,21,0
93,0,10,20,0
94,0,10,21,0
95,0,10,21,0
96,0,10,20,0
97,324,0,2,685
98,77,2,8,110
99,0,10,21,0
100,150,2,2,317
391,0,10,11,0
685,138,2,2,543
687,0,10,21,0
697,45,1,1,219
713,446,1,1,744
721,1,8,6,91
756,0,8,8,0
782,0,2,2,0
27,19,6,9,34
83,0,5,5,421
101,450,0,0,900
102,0,10,21,0
103,0,10,21,0
104,0,10,21,0
105,0,10,21,0
106,450,0,0,826
107,354,0,1,458
108,360,2,1,583
109,360,1,2,523
110,441,0,0,876
111,0,9,8,73
112,0,10,21,0
113,90,4,4,540
114,0,10,21,0
115,0,10,21,0
116,96,3,3,253
117,0,10,21,0
118,0,10,21,0
120,412,1,1,725
121,158,1,1,445
122,0,10,20,0
123,0,10,11,0
124,131,1,1,520
125,450,1,4,613
126,287,0,1,550
127,0,10,21,0
128,0,10,12,0
129,437,0,0,696
130,0,10,21,0
131,0,10,21,0
132,0,10,21,0
133,1,9,19,1
134,0,10,21,0
136,441,0,0,831
137,0,10,21,0
748,0,10,11,0
138,0,10,21,0
139,450,0,0,900
140,0,10,21,0
141,0,10,21,0
142,0,10,21,0
143,90,7,11,142
144,176,8,8,176
145,275,1,1,564
146,360,1,1,765
147,0,10,21,0
148,450,0,1,868
150,0,10,21,0
151,360,1,1,810
152,225,4,4,244
153,0,10,21,0
154,0,10,21,0
155,0,10,21,0
156,0,10,21,0
157,209,5,9,235
158,344,1,1,658
159,0,10,21,0
160,172,2,2,594
161,0,10,21,0
162,261,0,4,425
163,252,1,7,483
164,0,10,19,0
165,0,10,21,0
166,442,2,2,648
167,0,5,5,250
169,312,1,1,730
170,107,5,6,110
171,0,10,21,0
172,17,6,8,17
173,90,3,3,540
174,0,10,21,0
175,0,10,11,0
176,0,10,21,0
177,0,10,21,0
178,129,1,1,404
179,0,10,21,0
180,0,8,7,48
181,99,3,7,138
744,0,10,11,0
761,0,5,5,0
783,109,0,0,109
795,0,1,1,0
168,0,10,17,0
220,360,1,1,810
221,90,9,14,90
222,0,10,21,0
223,0,10,21,0
224,179,2,2,629
225,340,1,1,655
226,450,0,1,900
227,0,10,21,0
228,329,0,1,667
229,180,6,5,270
230,180,5,4,450
231,0,10,21,0
232,90,7,6,270
233,120,7,9,120
234,0,10,21,0
235,376,2,8,519
236,405,0,0,810
237,370,0,1,820
238,153,3,1,265
239,22,5,2,197
240,0,10,21,0
241,360,5,3,397
243,0,10,12,0
244,0,10,11,0
245,0,10,21,0
246,86,3,1,284
247,0,10,21,0
248,0,10,21,0
249,261,0,0,592
250,225,2,7,417
251,0,10,21,0
252,0,7,6,85
453,203,3,3,417
672,90,8,12,90
743,0,10,15,0
789,0,2,2,0
253,450,0,0,900
254,0,10,21,0
255,0,10,21,0
256,0,7,7,270
257,450,0,0,900
258,450,0,0,894
259,27,7,8,27
260,450,0,1,900
261,90,4,4,532
262,0,10,21,0
263,262,4,11,414
264,0,10,21,0
265,0,10,21,0
267,0,7,5,217
268,0,10,21,0
269,16,7,15,16
270,371,1,2,421
271,0,5,5,408
272,262,2,1,391
273,446,0,1,868
274,0,10,21,0
275,0,10,21,0
276,305,1,2,346
277,0,10,21,0
278,0,10,21,0
279,0,10,21,0
280,0,10,21,0
281,3,9,19,3
282,0,10,21,0
283,432,0,0,771
284,108,3,4,307
285,0,10,19,0
286,0,10,21,0
580,198,3,1,296
690,0,10,21,0
712,418,0,0,818
723,175,4,6,197
732,52,3,3,101
762,7,3,2,7
773,0,4,4,0
780,0,3,3,0
793,0,1,1,0
242,0,5,5,372
287,450,0,0,900
288,0,10,21,0
289,0,10,21,0
290,0,10,21,0
291,450,0,0,900
292,450,0,2,900
293,450,0,0,890
294,0,9,9,9
295,352,2,1,712
296,76,7,17,76
297,0,10,21,0
298,0,10,21,0
299,0,5,5,429
300,389,1,5,429
301,142,3,3,414
302,0,8,5,102
303,450,0,0,893
304,436,1,2,586
305,99,8,17,99
306,0,10,21,0
307,0,10,21,0
308,0,10,21,0
309,0,10,21,0
310,345,0,0,718
311,146,0,0,218
312,0,10,21,0
313,0,10,21,0
419,287,1,1,711
630,0,10,21,0
667,0,10,21,0
704,0,10,20,0
705,0,10,20,0
707,237,3,4,257
728,172,5,5,172
779,0,3,3,0
314,450,0,0,900
315,0,10,21,0
316,432,4,9,522
317,450,0,1,900
318,0,5,5,450
319,227,1,2,367
320,187,6,7,187
321,405,5,8,405
322,221,2,3,626
323,0,10,21,0
324,0,5,5,430
325,410,0,0,686
326,17,4,3,19
327,0,10,21,0
328,17,6,6,287
329,431,0,1,845
330,328,0,0,763
331,199,4,4,201
332,374,1,1,466
333,0,10,21,0
334,0,10,21,0
335,33,3,3,204
336,13,6,11,14
337,438,0,1,859
338,0,10,10,0
664,0,10,21,0
727,0,5,5,316
731,290,1,1,392
737,10,7,5,27
770,0,5,5,0
786,0,2,2,0
339,0,10,21,0
340,0,10,21,0
341,0,10,13,0
342,176,2,2,622
343,450,0,2,900
344,450,1,8,721
345,162,5,13,164
346,0,10,19,0
347,450,0,0,829
348,210,2,2,660
349,0,10,21,0
350,411,1,1,533
351,29,2,7,126
352,0,9,5,1
353,0,8,8,64
354,356,1,2,802
355,0,10,21,0
356,262,3,3,439
357,0,10,21,0
358,84,0,2,384
359,0,10,21,0
360,0,10,21,0
361,0,10,21,0
362,6,5,4,23
363,0,10,21,0
364,0,10,21,0
365,104,3,3,321
493,0,9,9,90
660,439,1,1,731
665,450,0,5,900
691,366,0,1,695
698,252,0,1,516
706,280,3,2,352
741,0,10,17,0
787,0,2,2,0
366,450,0,5,900
367,0,10,10,0
368,0,10,21,0
369,0,10,21,0
370,307,5,8,307
371,384,0,1,719
372,66,4,2,190
373,450,0,0,900
374,450,0,0,864
375,332,4,3,399
376,2,4,5,203
377,0,10,21,0
378,0,10,21,0
379,0,10,21,0
380,0,10,21,0
381,0,7,5,199
382,410,1,1,718
383,0,10,21,0
384,208,2,2,515
385,77,3,1,110
386,384,0,1,749
387,360,1,1,802
388,329,1,1,626
390,450,0,1,900
392,0,9,7,7
393,0,10,21,0
394,0,10,21,0
395,0,10,21,0
396,2,8,16,2
397,0,10,21,0
398,0,10,21,0
499,14,4,4,251
661,265,2,2,498
686,6,8,6,18
692,0,10,20,0
746,0,10,13,0
760,0,6,6,0
82,450,1,1,810
182,0,10,18,0
399,0,10,21,0
400,0,10,21,0
401,0,10,21,0
402,0,9,6,1
403,263,1,3,692
404,0,10,21,0
405,172,4,5,193
406,152,7,11,152
407,432,0,1,882
408,350,1,1,800
409,0,8,7,27
410,40,6,6,49
411,343,0,1,793
412,0,10,21,0
413,0,6,5,26
414,432,0,1,856
415,90,3,3,143
416,428,0,0,853
417,351,0,5,621
418,149,3,3,467
420,0,10,21,0
421,161,7,8,161
422,0,10,13,0
423,264,1,1,687
424,0,9,9,13
425,0,10,21,0
427,302,0,1,575
428,0,10,21,0
429,0,10,21,0
430,450,0,0,878
736,450,0,0,900
739,15,9,13,15
740,0,10,18,0
742,0,10,16,0
763,0,5,5,0
764,0,5,5,0
794,90,0,0,90
119,0,5,5,450
431,0,10,15,0
432,0,10,21,0
433,0,10,21,0
434,0,10,21,0
435,0,10,21,0
436,0,8,8,180
437,402,1,12,454
438,0,6,6,239
439,0,10,21,0
440,450,0,2,812
441,450,0,1,537
442,0,10,10,0
443,447,0,0,885
444,218,0,0,495
445,0,10,21,0
446,2,9,17,2
447,404,2,6,607
448,2,9,17,2
449,105,3,3,555
450,433,2,2,689
451,0,10,21,0
452,0,5,5,450
454,0,10,21,0
455,164,2,2,462
457,313,1,1,687
458,16,5,4,90
459,409,4,2,422
460,0,10,21,0
461,0,10,21,0
462,107,7,16,107
463,0,10,21,0
464,0,10,21,0
465,0,10,21,0
466,135,0,2,399
467,0,10,21,0
468,0,10,21,0
681,401,4,4,422
733,450,0,3,900
755,12,8,5,12
769,15,4,2,15
771,0,4,4,0
788,0,2,2,0
52,206,3,4,315
135,210,3,14,241
469,270,6,6,360
471,0,10,21,0
472,0,10,21,0
473,422,0,5,794
474,435,0,4,665
475,45,8,8,58
476,0,6,5,283
477,72,3,5,522
478,0,10,10,0
479,0,10,11,0
480,0,10,15,0
481,0,10,21,0
482,0,10,21,0
483,0,10,21,0
484,0,10,21,0
485,382,1,3,538
486,17,4,4,264
487,228,1,1,478
488,450,0,1,854
489,253,2,1,439
490,292,2,2,578
491,363,0,0,558
492,0,10,21,0
494,17,2,5,134
495,0,10,21,0
496,0,10,21,0
497,450,1,1,747
498,0,10,21,0
500,0,10,11,0
501,0,10,21,0
674,180,4,10,540
684,405,0,2,855
689,0,10,21,0
714,235,0,0,645
753,0,10,10,0
765,0,5,5,0
772,0,4,4,0
12,99,8,8,99
426,38,7,6,43
502,102,4,4,462
503,0,10,21,0
504,0,10,21,0
505,450,0,0,900
506,450,3,3,630
507,158,8,16,158
508,450,0,0,900
509,0,10,21,0
510,0,10,14,0
511,1,6,5,271
512,0,10,21,0
513,0,9,14,45
514,0,10,21,0
515,432,0,0,876
516,344,1,1,551
517,450,0,0,900
518,0,10,20,0
519,320,1,5,454
520,0,10,21,0
521,0,5,5,364
522,0,6,6,59
523,0,10,21,0
524,0,10,21,0
525,0,10,13,0
526,394,0,1,817
527,49,7,7,49
669,0,5,5,242
675,0,10,21,0
693,405,0,2,749
696,8,7,3,23
699,124,6,5,129
715,347,5,12,437
716,191,2,2,596
729,0,10,18,0
734,130,6,10,130
528,0,10,21,0
529,0,10,21,0
530,0,10,21,0
531,192,2,2,642
532,450,0,0,763
533,0,10,21,0
534,0,10,21,0
535,249,6,17,249
536,0,10,21,0
537,0,10,21,0
538,0,10,21,0
539,7,7,13,11
540,0,10,21,0
541,0,6,5,360
542,0,10,19,0
543,333,3,3,352
544,26,9,12,26
545,0,10,19,0
546,0,10,21,0
547,450,0,1,883
548,119,2,12,170
549,11,9,12,11
550,0,10,21,0
551,189,6,7,189
552,0,5,5,431
553,0,5,5,294
554,0,10,21,0
555,0,10,21,0
556,0,10,21,0
557,0,10,21,0
558,0,10,21,0
559,0,10,21,0
560,72,2,2,300
561,231,5,5,232
562,0,10,21,0
563,0,10,21,0
564,0,10,21,0
668,450,0,0,882
670,450,0,0,900
678,0,10,14,0
683,442,1,4,802
694,450,0,1,900
724,438,1,1,633
730,375,0,1,592
735,0,6,5,249
774,0,4,4,0
775,0,4,4,0
565,450,0,0,900
566,0,10,21,0
567,0,10,21,0
568,450,0,0,822
569,360,2,2,710
570,90,5,3,324
571,87,8,15,118
572,5,9,17,5
573,362,2,2,587
574,0,7,7,264
575,450,1,1,810
576,0,10,21,0
577,0,10,21,0
578,0,10,21,0
579,0,10,21,0
581,0,10,21,0
582,249,1,1,660
583,0,10,21,0
584,187,4,2,215
585,445,0,1,752
586,206,3,2,389
587,0,10,21,0
588,216,1,1,330
589,0,10,21,0
590,0,10,21,0
591,319,1,7,529
592,0,10,21,0
593,0,6,6,133
594,0,10,21,0
595,0,10,21,0
596,0,10,19,0
597,303,0,0,645
598,0,10,21,0
599,2,9,19,2
673,233,1,1,438
717,122,3,3,390
726,301,0,4,643
745,0,10,14,0
750,0,10,11,0
751,0,10,11,0
790,0,2,2,0
149,0,9,9,90
600,450,0,4,900
601,0,10,21,0
602,0,10,21,0
603,0,5,5,442
604,0,10,21,0
605,360,3,1,543
606,236,2,4,596
607,0,10,19,0
608,395,5,7,395
609,315,1,5,765
610,0,5,5,450
611,0,10,21,0
612,302,3,1,554
613,162,0,3,294
614,0,10,16,0
615,340,3,3,498
616,0,10,21,0
617,0,10,21,0
618,11,7,6,75
619,0,8,8,67
620,8,9,17,8
621,0,9,7,7
622,0,10,21,0
623,313,0,3,685
624,450,0,0,900
625,0,8,8,28
626,0,10,13,0
659,442,4,4,487
671,197,1,3,438
679,0,10,17,0
708,427,0,0,851
718,298,2,1,543
738,0,10,18,0
747,105,5,5,112
752,0,10,11,0
758,7,5,2,16
785,27,1,1,27
791,90,0,0,90
627,0,5,5,450
628,450,5,11,450
629,0,10,21,0
631,0,5,5,450
632,240,6,7,308
633,331,3,2,366
634,348,2,3,684
635,0,10,12,0
636,360,6,5,360
637,0,5,5,424
638,80,7,5,174
639,0,10,21,0
640,1,9,20,1
641,0,10,21,0
642,387,2,1,513
643,270,1,1,720
644,0,6,6,211
645,66,6,6,112
646,405,1,1,759
647,0,10,21,0
648,0,8,7,70
649,0,10,21,0
650,4,8,12,25
651,0,10,21,0
652,0,10,21,0
653,0,10,21,0
654,196,0,2,602
655,0,10,21,0
656,0,10,18,0
657,0,10,21,0
658,0,10,21,0
663,237,0,1,498
682,121,1,3,554
695,299,0,0,584
709,427,2,2,670
720,339,0,1,457
749,380,1,1,426
766,0,5,5,0
767,0,5,5,0
777,0,3,3,0
778,0,3,3,0
