id,web_name,full_name,team_id,team_name,position,status,status_description,chance_of_playing_next,news,minutes,starts,goals_scored,assists,yellow_cards,red_cards,influence,creativity,threat,ict_index,current_gameweek
1,Raya,David Raya Martín,1,Arsenal,GK,a,Available,,,1890,21,0,0,1,0,320.2,20.3,0.0,34.1,21
2,Arrizabalaga,Kepa Arrizabalaga Revuelta,1,Arsenal,GK,a,Available,,,0,0,0,0,0,0,0.0,0.0,0.0,0.0,21
3,Hein,Karl Hein,1,Arsenal,GK,u,Unavailable,0.0,Has joined Werder Bremen on loan for the rest of the season.,0,0,0,0,0,0,0.0,0.0,0.0,0.0,21
4,Setford,Tommy Setford,1,Arsenal,GK,a,Available,,,0,0,0,0,0,0,0.0,0.0,0.0,0.0,21
5,Gabriel,Gabriel dos Santos Magalhães,1,Arsenal,DEF,a,Available,100.0,,1265,14,3,2,1,0,443.6,73.0,158.0,67.3,21
6,Saliba,William Saliba,1,Arsenal,DEF,a,Available,100.0,,1354,16,0,0,0,0,269.0,64.0,22.0,35.5,21
7,Calafiori,Riccardo Calafiori,1,Arsenal,DEF,i,Injured,0.0,Muscle injury - Unknown return date,1256,16,1,2,5,0,222.0,104.8,219.0,54.5,21
8,J.Timber,Jurriën Timber,1,Arsenal,DEF,a,Available,100.0,,1639,18,2,4,2,0,375.0,277.2,315.0,97.0,21
9,Kiwior,Jakub Kiwior,1,Arsenal,DEF,u,Unavailable,0.0,has joined Porto on loan for the rest of the season.,0,0,0,0,0,0,0.0,0.0,0.0,0.0,21
10,Lewis-Skelly,Myles Lewis-Skelly,1,Arsenal,DEF,a,Available,,,311,1,0,0,3,0,31.2,45.5,18.0,9.4,21
11,White,Benjamin White,1,Arsenal,DEF,a,Available,100.0,,287,4,0,1,0,0,92.2,77.1,34.0,20.3,21
13,Clarke,Brayden Clarke,1,Arsenal,DEF,a,Available,,,0,0,0,0,0,0,0.0,0.0,0.0,0.0,21
14,Kacurri,Maldini Kacurri,1,Arsenal,DEF,u,Unavailable,0.0,has joined Morecambe on loan for the rest of the season.,0,0,0,0,0,0,0.0,0.0,0.0,0.0,21
15,Nichols,Josh Nichols,1,Arsenal,DEF,a,Available,,,0,0,0,0,0,0,0.0,0.0,0.0,0.0,21
16,Saka,Bukayo Saka,1,Arsenal,MID,a,Available,100.0,,1420,16,4,7,1,0,383.8,533.8,510.0,142.8,21
17,Ødegaard,Martin Ødegaard,1,Arsenal,MID,a,Available,100.0,,870,11,1,3,0,0,216.4,376.3,130.0,72.3,21
18,Madueke,Noni Madueke,1,Arsenal,MID,a,Available,100.0,,505,6,0,0,0,0,58.8,159.3,175.0,39.3,21
19,Martinelli,Gabriel Martinelli Silva,1,Arsenal,MID,a,Available,100.0,,500,6,1,1,2,0,70.2,66.0,172.0,30.3,21
20,Trossard,Leandro Trossard,1,Arsenal,MID,a,Available,100.0,,1128,12,5,4,1,0,334.8,322.8,351.0,101.0,21
21,Rice,Declan Rice,1,Arsenal,MID,a,Available,100.0,,1695,19,4,7,1,0,536.4,580.7,210.0,132.8,21
22,Merino,Mikel Merino Zazón,1,Arsenal,MID,a,Available,,,931,10,3,3,1,0,262.2,174.1,185.0,61.9,21
23,Fábio Vieira,Fábio Ferreira Vieira,1,Arsenal,MID,u,Unavailable,0.0,has joined Hamburger on loan for the rest of the season.,0,0,0,0,0,0,0.0,0.0,0.0,0.0,21
24,Nørgaard,Christian Nørgaard,1,Arsenal,MID,a,Available,100.0,,31,0,0,0,0,0,14.6,0.4,7.0,2.3,21
25,Nwaneri,Ethan Nwaneri,1,Arsenal,MID,a,Available,,,165,0,0,0,0,0,8.6,22.5,24.0,5.4,21
26,Zubimendi,Martín Zubimendi Ibáñez,1,Arsenal,MID,a,Available,100.0,,1770,20,3,1,4,0,374.8,291.2,144.0,81.2,21
28,Kabia,Ismeal Kabia,1,Arsenal,MID,u,Unavailable,0.0,has joined Shrewsbury Town on loan for the rest of the season.,0,0,0,0,0,0,0.0,0.0,0.0,0.0,21
29,Sambi,Albert Sambi Lokonga,1,Arsenal,MID,u,Unavailable,0.0,has joined Hamburger permanently.,0,0,0,0,0,0,0.0,0.0,0.0,0.0,21
30,Havertz,Kai Havertz,1,Arsenal,FWD,a,Available,100.0,,30,0,0,0,0,0,2.8,0.8,2.0,0.6,21
31,G.Jesus,Gabriel Fernando de Jesus,1,Arsenal,FWD,a,Available,100.0,,116,0,1,0,1,0,53.6,6.5,94.0,15.3,21
266,Eze,Eberechi Eze,1,Arsenal,MID,a,Available,,,1003,12,4,3,0,0,252.6,158.8,281.0,69.2,21
662,Mosquera,Cristhian Mosquera,1,Arsenal,DEF,i,Injured,0.0,Ankle injury - Unknown return date,429,4,0,0,1,0,84.0,23.2,8.0,11.5,21
666,Gyökeres,Viktor Gyökeres,1,Arsenal,FWD,a,Available,100.0,,1289,16,5,0,3,0,199.8,136.4,430.0,76.2,21
700,Dowman,Max Dowman,1,Arsenal,MID,i,Injured,0.0,Ankle injury - Unknown return date,27,0,0,1,0,0,1.0,0.8,26.0,2.8,21
711,Harriman-Annous,Andre Harriman-Annous,1,Arsenal,MID,a,Available,,,0,0,0,0,0,0,0.0,0.0,0.0,0.0,21
725,Hincapie,Piero Hincapié,1,Arsenal,DEF,d,Doubtful,75.0,Muscle injury - 75% chance of playing,889,10,0,0,2,0,188.6,58.3,20.0,26.6,21
759,Salmon,Marli Salmon,1,Arsenal,DEF,a,Available,,,0,0,0,0,0,0,0.0,0.0,0.0,0.0,21
32,Martinez,Emiliano Martínez Romero,2,Aston Villa,GK,d,Doubtful,75.0,Calf injury - 75% chance of playing,1485,17,0,0,1,0,379.6,3.0,0.0,38.2,21
33,M.Bizot,Marco Bizot,2,Aston Villa,GK,a,Available,,,405,4,0,0,2,0,92.8,0.0,0.0,9.3,21
34,Gauci,Joe Gauci,2,Aston Villa,GK,u,Unavailable,0.0,Has joined Port Vale on loan for the rest of the season.,0,0,0,0,0,0,0.0,0.0,0.0,0.0,21
35,Marschall,Filip Marschall,2,Aston Villa,GK,u,Unavailable,0.0,Has joined Stevenage permanently.,0,0,0,0,0,0,0.0,0.0,0.0,0.0,21
36,Cash,Matty Cash,2,Aston Villa,DEF,a,Available,100.0,,1771,20,3,2,5,0,425.2,295.3,123.0,84.4,21
37,Digne,Lucas Digne,2,Aston Villa,DEF,a,Available,100.0,,1192,14,0,3,2,0,237.8,277.5,89.0,60.2,21
38,Konsa,Ezri Konsa Ngoyo,2,Aston Villa,DEF,a,Available,100.0,,1775,20,0,0,0,1,360.2,71.4,72.0,50.7,21
39,Maatsen,Ian Maatsen,2,Aston Villa,DEF,a,Available,,,688,7,0,0,1,0,139.4,138.5,103.0,38.3,21
40,Mings,Tyrone Mings,2,Aston Villa,DEF,a,Available,100.0,,497,6,0,0,0,0,120.2,44.6,25.0,19.0,21
41,Pau,Pau Torres,2,Aston Villa,DEF,a,Available,100.0,,952,10,0,1,0,0,207.6,17.3,26.0,25.3,21
42,A.García,Andrés García,2,Aston Villa,DEF,a,Available,100.0,,30,0,0,0,0,0,0.6,1.5,0.0,0.2,21
43,Alex Moreno,Álex Moreno Lopera,2,Aston Villa,DEF,u,Unavailable,0.0,Has joined Girona permanently.,0,0,0,0,0,0,0.0,0.0,0.0,0.0,21
44,Bogarde,Lamare Bogarde,2,Aston Villa,DEF,a,Available,100.0,,432,4,0,0,4,0,58.2,37.4,6.0,10.1,21
45,Sousa,Lino da Cruz Sousa,2,Aston Villa,DEF,a,Available,,,0,0,0,0,0,0,0.0,0.0,0.0,0.0,21
46,Yasin,Yasin Özcan,2,Aston Villa,DEF,u,Unavailable,0.0,has joined Anderlecht on loan for the rest of the season.,0,0,0,0,0,0,0.0,0.0,0.0,0.0,21
47,Rogers,Morgan Rogers,2,Aston Villa,MID,a,Available,100.0,,1867,21,7,4,4,0,455.6,358.8,455.0,126.8,21
48,Tielemans,Youri Tielemans,2,Aston Villa,MID,a,Available,100.0,,1132,13,0,4,0,0,261.2,294.5,139.0,69.5,21
49,Bailey,Leon Bailey,2,Aston Villa,MID,u,Unavailable,0.0,Has joined AS Roma on loan for the rest of the season.,0,0,0,0,0,0,0.0,0.0,0.0,0.0,21
50,Buendía,Emiliano Buendía Stati,2,Aston Villa,MID,a,Available,100.0,,772,9,4,2,2,0,246.0,197.3,180.0,62.4,21
51,Iling Jr,Samuel Iling-Junior,2,Aston Villa,MID,u,Unavailable,0.0,has joined West Bromwich Albion on loan for the rest of the season,0,0,0,0,0,0,0.0,0.0,0.0,0.0,21
53,Malen,Donyell Malen,2,Aston Villa,MID,a,Available,,,640,5,4,2,0,0,183.4,99.7,290.0,56.3,21
54,McGinn,John McGinn,2,Aston Villa,MID,a,Available,,,1574,20,3,2,3,0,308.2,384.1,193.0,88.8,21
55,Barkley,Ross Barkley,2,Aston Villa,MID,i,Injured,0.0,Knee injury - Expected back 07 Feb,114,0,1,1,0,0,51.8,33.7,55.0,14.0,21
56,Barrenechea,Enzo Barrenechea,2,Aston Villa,MID,u,Unavailable,0.0,Season-long loan to Benfica,0,0,0,0,0,0,0.0,0.0,0.0,0.0,21
57,Dobbin,Lewis Dobbin,2,Aston Villa,MID,u,Unavailable,0.0,Has joined Preston North End on loan for the rest of the season.,0,0,0,0,0,0,0.0,0.0,0.0,0.0,21
58,Kamara,Boubacar Kamara,2,Aston Villa,MID,d,Doubtful,75.0,Knee injury - 75% chance of playing,1410,17,1,3,5,0,325.0,241.3,75.0,64.2,21
59,Onana,Amadou Onana,2,Aston Villa,MID,i,Injured,0.0,Knock - Unknown return date,886,11,2,0,2,0,242.2,60.6,67.0,37.0,21
60,Broggio,Ben Broggio,2,Aston Villa,MID,a,Available,,,0,0,0,0,0,0,0.0,0.0,0.0,0.0,21
61,Dendoncker,Leander Dendoncker,2,Aston Villa,MID,u,Unavailable,0.0,Has joined Real Oviedo permanently.,0,0,0,0,0,0,0.0,0.0,0.0,0.0,21
62,Jimoh-Aloba,Jamaldeen Jimoh-Aloba,2,Aston Villa,MID,a,Available,,,8,0,0,0,0,0,0.2,0.3,0.0,0.1,21
63,Young,Kadan Young,2,Aston Villa,MID,a,Available,,,0,0,0,0,0,0,0.0,0.0,0.0,0.0,21
64,Watkins,Ollie Watkins,2,Aston Villa,FWD,a,Available,100.0,,1561,18,7,2,1,0,324.2,164.9,600.0,108.8,21
65,Redmond,Zépiqueno Redmond,2,Aston Villa,FWD,u,Unavailable,0.0,has joined Huddersfield Town on loan for the rest of the season.,0,0,0,0,0,0,0.0,0.0,0.0,0.0,21
389,Elliott,Harvey Elliott,2,Aston Villa,MID,a,Available,100.0,,97,1,0,0,0,0,8.6,17.8,18.0,4.4,21
456,Sancho,Jadon Sancho,2,Aston Villa,MID,a,Available,100.0,,302,2,0,0,0,0,39.0,85.4,105.0,23.1,21
677,Guessand,Evann Guessand,2,Aston Villa,MID,a,Available,100.0,,511,6,0,2,0,0,75.4,42.4,109.0,22.3,21
688,Wright,James Wright,2,Aston Villa,GK,a,Available,,,0,0,0,0,0,0,0.0,0.0,0.0,0.0,21
701,Rowe,Triston Rowe,2,Aston Villa,DEF,u,Unavailable,0.0,has joined Annecy on loan for the rest of the season.,0,0,0,0,0,0,0.0,0.0,0.0,0.0,21
702,Burrowes,Bradley Burrowes,2,Aston Villa,MID,a,Available,,,16,0,0,0,0,0,0.0,0.3,0.0,0.0,21
703,Proctor,Sam Proctor,2,Aston Villa,GK,a,Available,,,0,0,0,0,0,0,0.0,0.0,0.0,0.0,21
710,Patterson,Travis Patterson,2,Aston Villa,DEF,a,Available,,,0,0,0,0,0,0,0.0,0.0,0.0,0.0,21
719,Lindelöf,Victor Lindelöf,2,Aston Villa,DEF,a,Available,100.0,,565,6,0,1,0,0,121.0,26.5,8.0,15.6,21
754,George Hemmings,George Hemmings,2,Aston Villa,MID,a,Available,,,8,0,0,0,0,0,0.0,1.0,0.0,0.1,21
757,Hollingshead,Ronnie Hollingshead,2,Aston Villa,GK,a,Available,,,0,0,0,0,0,0,0.0,0.0,0.0,0.0,21
768,Leon Routh,Leon Routh,2,Aston Villa,DEF,a,Available,,,0,0,0,0,0,0,0.0,0.0,0.0,0.0,21
781,Carroll,TJ Carroll,2,Aston Villa,DEF,a,Available,,,0,0,0,0,0,0,0.0,0.0,0.0,0.0,21
792,Alysson,Alysson Edward Franco da Rocha dos Santos,2,Aston Villa,MID,a,Available,,,0,0,0,0,0,0,0.0,0.0,0.0,0.0,21
183,Weiss,Max Weiß,3,Burnley,GK,a,Available,,,0,0,0,0,0,0,0.0,0.0,0.0,0.0,21
184,Green,Etienne Green,3,Burnley,GK,u,Unavailable,0.0,has joined FC Fredericia permanently.,0,0,0,0,0,0,0.0,0.0,0.0,0.0,21
185,Hladký,Václav Hladký,3,Burnley,GK,a,Available,,,0,0,0,0,0,0,0.0,0.0,0.0,0.0,21
186,Roberts,Connor Roberts,3,Burnley,DEF,i,Injured,0.0,Achilles injury - Unknown return date,0,0,0,0,0,0,0.0,0.0,0.0,0.0,21
187,Walker,Kyle Walker,3,Burnley,DEF,a,Available,100.0,,1786,20,0,1,7,0,287.8,93.3,22.0,40.5,21
188,Delcroix,Hannes Delcroix,3,Burnley,DEF,u,Unavailable,0.0,has joined Lugano permanently.,0,0,0,0,0,0,0.0,0.0,0.0,0.0,21
189,Dodgson,Owen Dodgson,3,Burnley,DEF,u,Unavailable,0.0,Has joined Stockport County on loan for the rest of the season.,0,0,0,0,0,0,0.0,0.0,0.0,0.0,21
190,Ekdal,Hjalmar Ekdal,3,Burnley,DEF,a,Available,,,1163,13,0,0,0,0,267.6,43.1,78.0,38.9,21
191,Estève,Maxime Estève,3,Burnley,DEF,a,Available,100.0,,1536,18,0,0,0,0,373.0,67.5,60.0,50.3,21
192,Hartman,Quilindschy Hartman,3,Burnley,DEF,a,Available,,,1337,15,0,5,1,0,305.4,228.9,57.0,59.2,21
193,Humphreys,Bashir Humphreys,3,Burnley,DEF,a,Available,100.0,,347,3,0,1,1,0,90.8,19.0,18.0,12.7,21
194,Jordan,Jordan Beyer,3,Burnley,DEF,i,Injured,0.0,Hamstring injury - Unknown return date,0,0,0,0,0,0,0.0,0.0,0.0,0.0,21
195,Lucas Pires,Lucas Pires Silva,3,Burnley,DEF,a,Available,100.0,,501,6,0,0,0,1,64.6,94.7,44.0,20.2,21
196,Sambo,Shurandy Sambo,3,Burnley,DEF,u,Unavailable,0.0,Has joined Sparta Rotterdam on loan for the rest of the season.,0,0,0,0,0,0,0.0,0.0,0.0,0.0,21
197,Sonne,Oliver Sonne,3,Burnley,DEF,a,Available,,,164,1,1,0,0,0,44.8,18.1,30.0,9.2,21
198,Tuanzebe,Axel Tuanzebe,3,Burnley,DEF,a,Available,100.0,,706,8,0,0,1,0,149.8,8.6,0.0,16.0,21
199,Worrall,Joe Worrall,3,Burnley,DEF,d,Doubtful,50.0,Muscle injury - 50% chance of playing,154,1,0,0,0,0,42.4,0.8,2.0,4.6,21
200,Anthony,Jaidon Anthony,3,Burnley,MID,a,Available,100.0,,1251,15,5,2,3,0,318.6,235.3,277.0,83.0,21
201,Benson,Manuel Benson Hedilazio,3,Burnley,MID,u,Unavailable,0.0,has joined Swansea City on loan for the rest of the season.,0,0,0,0,0,0,0.0,0.0,0.0,0.0,21
202,Bruun Larsen,Jacob Bruun Larsen,3,Burnley,MID,a,Available,100.0,,853,9,0,1,0,0,104.6,175.9,123.0,40.3,21
203,Boateng,Enock Agyei,3,Burnley,MID,a,Available,,,0,0,0,0,0,0,0.0,0.0,0.0,0.0,21
204,Churlinov,Darko Churlinov,3,Burnley,MID,u,Unavailable,0.0,has joined Kocaelispor  permanently.,0,0,0,0,0,0,0.0,0.0,0.0,0.0,21
205,Cullen,Josh Cullen,3,Burnley,MID,i,Injured,0.0,Knee injury - Expected back 30 Sep,1513,18,2,2,2,0,342.0,218.1,98.0,66.0,21
206,Edwards,Marcus Edwards,3,Burnley,MID,a,Available,,,398,3,0,2,0,0,90.6,182.8,98.0,36.9,21
207,Hannibal,Hannibal Mejbri,3,Burnley,MID,a,Available,100.0,,452,5,0,2,4,0,58.2,118.1,35.0,21.1,21
208,Koleosho,Luca Koleosho,3,Burnley,MID,u,Unavailable,0.0,Has joined Espanyol on loan for the rest of the season.,0,0,0,0,0,0,0.0,0.0,0.0,0.0,21
209,Laurent,Josh Laurent,3,Burnley,MID,a,Available,,,1053,11,1,0,3,0,212.8,80.2,68.0,36.2,21
210,Tchaouna,Loum Tchaouna,3,Burnley,MID,a,Available,,,752,9,1,1,1,0,85.4,76.0,101.0,26.2,21
211,A.Ramsey,Aaron Ramsey,3,Burnley,MID,u,Unavailable,0.0,has joined Leicester City on loan for the rest of the season.,0,0,0,0,0,0,0.0,0.0,0.0,0.0,21
212,Adewumi,Oluwaseun Adewumi,3,Burnley,MID,u,Unavailable,0.0,Has joined Cercle Brugge on loan for the rest of the season.,0,0,0,0,0,0,0.0,0.0,0.0,0.0,21
213,Banel,Jaydon Banel,3,Burnley,MID,a,Available,,,9,0,0,0,0,0,0.0,0.5,0.0,0.0,21
214,Trésor,Mike Trésor Ndayishimiye,3,Burnley,MID,i,Injured,0.0,Knock - Unknown return date,19,0,0,0,0,0,0.6,0.4,2.0,0.3,21
215,Flemming,Zian Flemming,3,Burnley,FWD,d,Doubtful,50.0,Knock - 50% chance of playing,660,8,5,0,3,0,209.0,58.6,207.0,46.8,21
216,Amdouni,Zeki Amdouni,3,Burnley,FWD,i,Injured,0.0,Knee injury - Expected back 25 Apr,0,0,0,0,0,0,0.0,0.0,0.0,0.0,21
217,Foster,Lyle Foster,3,Burnley,FWD,a,Available,100.0,,880,11,2,1,3,0,131.4,107.3,127.0,36.1,21
218,Barnes,Ashley Barnes,3,Burnley,FWD,a,Available,,,9,0,0,0,0,0,0.2,0.3,7.0,0.8,21
219,Obafemi,Michael Obafemi,3,Burnley,FWD,u,Unavailable,0.0,has joined VfL Bochum  on loan for the rest of the season.,0,0,0,0,0,0,0.0,0.0,0.0,0.0,21
470,Dúbravka,Martin Dúbravka,3,Burnley,GK,a,Available,100.0,,1890,21,0,0,0,0,600.2,0.0,0.0,60.2,21
676,Ugochukwu,Lesley Ugochukwu,3,Burnley,MID,a,Available,100.0,,1282,15,3,1,0,1,266.4,106.5,164.0,53.4,21
680,Broja,Armando Broja,3,Burnley,FWD,a,Available,100.0,,626,6,1,1,0,0,96.2,57.6,179.0,33.5,21
722,Florentino,Florentino Ibrain Morris Luís,3,Burnley,MID,a,Available,,,1313,15,0,1,3,0,264.6,145.9,39.0,45.2,21
776,Pimlott,Oliver Pimlott,3,Burnley,MID,a,Available,,,0,0,0,0,0,0,0.0,0.0,0.0,0.0,21
784,Brierley,George Brierley,3,Burnley,MID,a,Available,,,0,0,0,0,0,0,0.0,0.0,0.0,0.0,21
66,Neto,Norberto Murara Neto,4,Bournemouth,GK,u,Unavailable,0.0,Has joined Botafogo permanently.,0,0,0,0,0,0,0.0,0.0,0.0,0.0,21
67,Petrović,Đorđe Petrović,4,Bournemouth,GK,a,Available,,,1890,21,0,0,1,0,435.0,0.0,0.0,43.7,21
68,Dennis,Will Dennis,4,Bournemouth,GK,i,Injured,0.0,Ankle injury - Unknown return date,0,0,0,0,0,0,0.0,0.0,0.0,0.0,21
69,McKenna,Callan McKenna,4,Bournemouth,GK,a,Available,,,0,0,0,0,0,0,0.0,0.0,0.0,0.0,21
70,Paulsen,Alex Paulsen,4,Bournemouth,GK,u,Unavailable,0.0,Has joined Lechia Gdansk on loan for the rest of the season.,0,0,0,0,0,0,0.0,0.0,0.0,0.0,21
71,Zabarnyi,Illia Zabarnyi,4,Bournemouth,DEF,u,Unavailable,0.0,Has joined Paris Saint-Germain permanently.,0,0,0,0,0,0,0.0,0.0,0.0,0.0,21
72,Senesi,Marcos Senesi Barón,4,Bournemouth,DEF,a,Available,100.0,,1758,20,0,4,6,0,684.8,263.8,103.0,105.2,21
73,Smith,Adam Smith,4,Bournemouth,DEF,a,Available,100.0,,522,8,0,1,1,0,56.2,28.3,18.0,10.2,21
74,Truffert,Adrien Truffert,4,Bournemouth,DEF,a,Available,,,1848,21,0,1,3,0,429.6,303.2,81.0,81.3,21
75,Akinmboni,Matai Akinmboni,4,Bournemouth,DEF,d,Doubtful,25.0,Muscle injury - 25% chance of playing,0,0,0,0,0,0,0.0,0.0,0.0,0.0,21
76,Bevan,Owen Bevan,4,Bournemouth,DEF,a,Available,,,0,0,0,0,0,0,0.0,0.0,0.0,0.0,21
77,Hill,James Hill,4,Bournemouth,DEF,a,Available,,,572,5,0,0,1,0,136.2,20.7,51.0,20.8,21
78,J.Araujo,Julián Araujo Zúñiga,4,Bournemouth,DEF,u,Unavailable,0.0,has joined Celtic on loan for the rest of the season.,0,0,0,0,0,0,0.0,0.0,0.0,0.0,21
79,Mepham,Chris Mepham,4,Bournemouth,DEF,u,Unavailable,0.0,has joined West Bromwich Albion permanently.,0,0,0,0,0,0,0.0,0.0,0.0,0.0,21
80,Soler,Julio Soler Barreto,4,Bournemouth,DEF,a,Available,100.0,,34,0,0,0,0,0,1.8,2.5,2.0,0.6,21
81,Kluivert,Justin Kluivert,4,Bournemouth,MID,i,Injured,0.0,Knee injury - Expected back 09 May,914,10,2,0,4,0,146.6,304.1,128.0,57.8,21
84,Tavernier,Marcus Tavernier,4,Bournemouth,MID,a,Available,,,1692,19,4,3,3,0,385.8,427.6,308.0,112.3,21
85,Adams,Tyler Adams,4,Bournemouth,MID,i,Injured,0.0,Knee injury - Expected back 21 Feb,1196,15,2,1,5,0,266.2,74.0,105.0,44.7,21
86,Brooks,David Brooks,4,Bournemouth,MID,a,Available,100.0,,932,11,1,2,6,0,191.6,297.7,379.0,85.4,21
87,Christie,Ryan Christie,4,Bournemouth,MID,d,Doubtful,50.0,Knee injury - 50% chance of playing,287,1,1,1,1,0,79.4,58.0,84.0,22.3,21
88,Cook,Lewis Cook,4,Bournemouth,MID,a,Available,100.0,,500,4,0,1,1,1,121.4,130.6,10.0,26.4,21
89,Philip,Philip Billing,4,Bournemouth,MID,u,Unavailable,0.0,Has joined Midtjylland permanently.,0,0,0,0,0,0,0.0,0.0,0.0,0.0,21
90,Scott,Alex Scott,4,Bournemouth,MID,a,Available,100.0,,1408,18,1,1,2,0,251.8,183.8,130.0,56.1,21
91,Sinisterra,Luis Sinisterra Lucumí,4,Bournemouth,MID,u,Unavailable,0.0,Has joined Cruzeiro on loan for the rest of the season.,0,0,0,0,0,0,0.0,0.0,0.0,0.0,21
92,Faivre,Romain Faivre,4,Bournemouth,MID,u,Unavailable,0.0,has joined Al Taawoun permanently.,0,0,0,0,0,0,0.0,0.0,0.0,0.0,21
93,H.Traorè,Hamed Traorè,4,Bournemouth,MID,u,Unavailable,0.0,has joined Marseille on loan for the rest of the season.,16,0,0,1,0,0,21.2,10.0,0.0,3.1,21
94,Sadi,Dominic Sadi,4,Bournemouth,MID,u,Unavailable,0.0,has joined Novi Pazar on loan for the rest of the season.,0,0,0,0,0,0,0.0,0.0,0.0,0.0,21
95,Silcott-Duberry,Zain Silcott-Duberry,4,Bournemouth,MID,u,Unavailable,0.0,has joined Olympiakos permanently.,0,0,0,0,0,0,0.0,0.0,0.0,0.0,21
96,Winterburn,Ben Winterburn,4,Bournemouth,MID,u,Unavailable,0.0,has joined Barnet on loan for the rest of the season.,6,0,0,0,0,0,0.0,0.0,0.0,0.0,21
97,Evanilson,Francisco Evanilson de Lima Barbosa,4,Bournemouth,FWD,a,Available,100.0,,1406,16,4,3,1,0,182.0,206.1,429.0,81.4,21
98,Enes Ünal,Enes Ünal,4,Bournemouth,FWD,i,Injured,0.0,Muscle injury - Expected back 31 Jan,111,0,1,0,1,0,38.0,4.1,51.0,9.0,21
99,Adu-Adjei,Daniel Adu-Adjei,4,Bournemouth,FWD,u,Unavailable,0.0,has joined HNK Rijeka permanently.,0,0,0,0,0,0,0.0,0.0,0.0,0.0,21
100,Kroupi.Jr,Junior Kroupi,4,Bournemouth,FWD,a,Available,,,568,7,7,0,2,0,266.0,86.2,265.0,61.7,21
391,Gannon-Doak,Ben Gannon-Doak,4,Bournemouth,MID,i,Injured,0.0,Hamstring injury - Unknown return date,53,0,0,1,0,0,21.2,14.0,11.0,4.7,21
685,Diakité,Bafodé Diakité,4,Bournemouth,DEF,a,Available,100.0,,1263,15,0,0,1,0,262.8,54.3,22.0,34.0,21
687,Rees-Dottin,Remy Rees-Dottin,4,Bournemouth,MID,a,Available,,,0,0,0,0,0,0,0.0,0.0,0.0,0.0,21
697,Adli,Amine Adli,4,Bournemouth,MID,a,Available,,,429,3,1,0,1,0,113.6,87.2,109.0,30.3,21
713,A.Jimenez,Álex Jiménez Sánchez,4,Bournemouth,DEF,a,Available,,,1153,13,0,2,5,0,169.6,94.0,74.0,33.7,21
721,Milosavljević,Veljko Milosavljevic,4,Bournemouth,DEF,a,Available,100.0,,366,4,0,0,0,0,98.4,13.9,10.0,12.2,21
756,DaCosta,Malcom DaCosta,4,Bournemouth,MID,a,Available,,,0,0,0,0,0,0,0.0,0.0,0.0,0.0,21
782,Forster,Fraser Forster,4,Bournemouth,GK,a,Available,,,0,0,0,0,0,0,0.0,0.0,0.0,0.0,21
27,Nelson,Reiss Nelson,5,Brentford,MID,a,Available,100.0,,50,0,0,0,0,0,16.4,4.0,16.0,3.4,21
83,O.Dango,Dango Ouattara,5,Brentford,MID,a,Available,100.0,,1061,12,3,4,3,0,183.6,96.5,309.0,58.4,21
101,Kelleher,Caoimhín Kelleher,5,Brentford,GK,a,Available,100.0,,1890,21,0,0,1,0,524.2,20.0,0.0,54.5,21
102,Balcombe,Ellery Balcombe,5,Brentford,GK,a,Available,,,0,0,0,0,0,0,0.0,0.0,0.0,0.0,21
103,Cox,Matthew Cox,5,Brentford,GK,a,Available,,,0,0,0,0,0,0,0.0,0.0,0.0,0.0,21
104,Eyestone,Julian Eyestone,5,Brentford,GK,a,Available,,,0,0,0,0,0,0,0.0,0.0,0.0,0.0,21
105,Valdimarsson,Hákon Rafn Valdimarsson,5,Brentford,GK,a,Available,,,0,0,0,0,0,0,0.0,0.0,0.0,0.0,21
106,Collins,Nathan Collins,5,Brentford,DEF,a,Available,,,1816,20,1,2,4,0,588.0,100.1,221.0,91.1,21
107,Lewis-Potter,Keane Lewis-Potter,5,Brentford,DEF,a,Available,,,904,10,2,1,1,0,171.6,149.4,145.0,46.6,21
108,Ajer,Kristoffer Ajer,5,Brentford,DEF,a,Available,100.0,,971,11,0,2,1,0,222.0,28.8,114.0,36.6,21
109,Henry,Rico Henry,5,Brentford,DEF,a,Available,,,712,6,0,1,2,0,68.0,33.0,22.0,12.2,21
110,Kayode,Michael Kayode,5,Brentford,DEF,a,Available,,,1828,21,0,1,5,0,362.2,299.2,67.0,73.0,21
111,Pinnock,Ethan Pinnock,5,Brentford,DEF,a,Available,100.0,,228,3,0,0,1,0,62.8,1.1,12.0,7.6,21
112,Roerslev,Mads Roerslev Rasmussen,5,Brentford,DEF,u,Unavailable,0.0,Has joined Southampton permanently.,0,0,0,0,0,0,0.0,0.0,0.0,0.0,21
113,Van den Berg,Sepp van den Berg,5,Brentford,DEF,a,Available,100.0,,1530,17,0,0,1,0,341.4,31.7,173.0,54.7,21
114,Arthur,Benjamin Arthur,5,Brentford,DEF,a,Available,100.0,,0,0,0,0,0,0,0.0,0.0,0.0,0.0,21
115,Fredrick,Benjamin Fredrick,5,Brentford,DEF,u,Unavailable,0.0,has joined Dender on loan for the rest of the season.,0,0,0,0,0,0,0.0,0.0,0.0,0.0,21
116,Hickey,Aaron Hickey,5,Brentford,DEF,a,Available,100.0,,506,6,0,0,1,0,57.6,12.6,37.0,10.7,21
117,Ji-soo,Kim Ji-soo,5,Brentford,DEF,u,Unavailable,0.0,has joined Kaiserslautern on loan for the rest of the season.,0,0,0,0,0,0,0.0,0.0,0.0,0.0,21
118,Meghoma,Jayden Meghoma,5,Brentford,DEF,u,Unavailable,0.0,Has joined Rangers on loan for the rest of the season.,0,0,0,0,0,0,0.0,0.0,0.0,0.0,21
120,Schade,Kevin Schade,5,Brentford,MID,a,Available,100.0,,1645,19,6,4,5,0,419.6,273.3,528.0,122.2,21
121,Damsgaard,Mikkel Damsgaard,5,Brentford,MID,a,Available,,,1160,13,1,3,0,0,274.2,415.5,149.0,83.9,21
122,Milambo,Antoni Milambo,5,Brentford,MID,i,Injured,0.0,Knee injury - Expected back 01 Jun,45,1,0,0,0,0,4.0,1.8,0.0,0.6,21
123,Carvalho,Fábio Freitas Gouveia Carvalho,5,Brentford,MID,i,Injured,0.0,Knee injury - Expected back 01 Jun,100,1,1,0,0,0,39.0,6.5,36.0,8.1,21
124,Henderson,Jordan Henderson,5,Brentford,MID,d,Doubtful,75.0,Ankle injury - 75% chance of playing,1349,15,1,3,4,0,265.8,270.7,41.0,57.7,21
125,Janelt,Vitaly Janelt,5,Brentford,MID,a,Available,100.0,,758,7,0,4,3,0,218.0,178.9,62.0,45.6,21
126,Jensen,Mathias Jensen,5,Brentford,MID,a,Available,,,764,9,2,0,1,0,151.4,159.0,74.0,38.3,21
127,Nunes,Gustavo Nunes Fernandes Gomes,5,Brentford,MID,a,Available,100.0,,0,0,0,0,0,0,0.0,0.0,0.0,0.0,21
128,Onyeka,Frank Onyeka,5,Brentford,MID,n,Not in squad,0.0,On international duty at the Africa Cup of Nations from Gameweek 17 onwards. - Unknown return date,88,0,0,2,0,0,28.4,13.6,4.0,4.6,21
129,Yarmoliuk,Yehor Yarmoliuk,5,Brentford,MID,a,Available,100.0,,1564,19,1,2,4,0,270.4,185.5,99.0,55.5,21
130,Donovan,Romelle Donovan,5,Brentford,MID,a,Available,,,0,0,0,0,0,0,0.0,0.0,0.0,0.0,21
131,Konak,Yunus Emre Konak,5,Brentford,MID,a,Available,,,0,0,0,0,0,0,0.0,0.0,0.0,0.0,21
132,Maghoma,Paris Maghoma,5,Brentford,MID,a,Available,100.0,,0,0,0,0,0,0,0.0,0.0,0.0,0.0,21
133,Peart-Harris,Myles Peart-Harris,5,Brentford,MID,a,Available,,,1,0,0,0,0,0,0.0,0.0,0.0,0.0,21
134,Trevitt,Ryan Trevitt,5,Brentford,MID,u,Unavailable,0.0,Has joined Wigan on loan for the rest of the season,0,0,0,0,0,0,0.0,0.0,0.0,0.0,21
136,Thiago,Igor Thiago Nascimento Rodrigues,5,Brentford,FWD,a,Available,100.0,,1752,20,16,1,4,0,684.2,187.0,747.0,161.8,21
137,Morgan,Iwan Morgan,5,Brentford,FWD,u,Unavailable,0.0,has joined Shrewsbury on loan for the rest of the season.,0,0,0,0,0,0,0.0,0.0,0.0,0.0,21
748,Dasilva,Josh Dasilva,5,Brentford,MID,i,Injured,0.0,Knee injury - Expected back 01 Feb,0,0,0,0,0,0,0.0,0.0,0.0,0.0,21
138,Steele,Jason Steele,6,Brighton,GK,a,Available,,,0,0,0,0,0,0,0.0,0.0,0.0,0.0,21
139,Verbruggen,Bart Verbruggen,6,Brighton,GK,a,Available,,,1890,21,0,0,3,0,549.8,10.0,0.0,55.9,21
140,McGill,Tom McGill,6,Brighton,GK,a,Available,,,0,0,0,0,0,0,0.0,0.0,0.0,0.0,21
141,Rushworth,Carl Rushworth,6,Brighton,GK,u,Unavailable,0.0,Has joined Coventry City on loan for the rest of the season.,0,0,0,0,0,0,0.0,0.0,0.0,0.0,21
142,Scherpen,Kjell Scherpen,6,Brighton,GK,u,Unavailable,0.0,Has joined Union SG permanently,0,0,0,0,0,0,0.0,0.0,0.0,0.0,21
143,Boscagli,Olivier Boscagli,6,Brighton,DEF,a,Available,,,142,2,0,0,1,0,39.0,10.2,2.0,5.2,21
144,Coppola,Diego Coppola,6,Brighton,DEF,a,Available,,,193,2,0,0,2,0,42.4,3.7,2.0,4.8,21
145,De Cuyper,Maxim De Cuyper,6,Brighton,DEF,a,Available,100.0,,975,12,2,0,2,0,192.8,298.9,118.0,61.0,21
146,Dunk,Lewis Dunk,6,Brighton,DEF,a,Available,100.0,,1755,19,0,1,8,0,374.0,65.8,75.0,51.7,21
147,Estupiñan,Pervis Estupiñán Tenorio,6,Brighton,DEF,u,Unavailable,0.0,Has joined AC Milan permanently,0,0,0,0,0,0,0.0,0.0,0.0,0.0,21
148,F.Kadıoğlu,Ferdi Kadıoğlu,6,Brighton,DEF,a,Available,,,1602,17,0,1,4,0,257.8,253.9,122.0,63.7,21
150,Lamptey,Tariq Lamptey,6,Brighton,DEF,u,Unavailable,0.0,has joined Fiorentina permanently.,0,0,0,0,0,0,0.0,0.0,0.0,0.0,21
151,Van Hecke,Jan Paul van Hecke,6,Brighton,DEF,a,Available,100.0,,1800,20,3,1,5,0,597.6,92.7,203.0,89.6,21
152,Veltman,Joël Veltman,6,Brighton,DEF,a,Available,100.0,,583,6,1,0,3,0,169.0,64.8,52.0,28.7,21
153,Webster,Adam Webster,6,Brighton,DEF,i,Injured,0.0,Knee injury - Unknown return date,0,0,0,0,0,0,0.0,0.0,0.0,0.0,21
154,Cashin,Eiran Cashin,6,Brighton,DEF,u,Unavailable,0.0,Has joined Birmingham on loan for the rest of the season.,0,0,0,0,0,0,0.0,0.0,0.0,0.0,21
155,Slater,Jacob Slater,6,Brighton,DEF,u,Unavailable,0.0,has joined Harrogate Town on loan until January.,0,0,0,0,0,0,0.0,0.0,0.0,0.0,21
156,Tasker,Charlie Tasker,6,Brighton,DEF,a,Available,,,0,0,0,0,0,0,0.0,0.0,0.0,0.0,21
157,Mitoma,Mitoma Kaoru,6,Brighton,MID,a,Available,100.0,,743,8,2,1,2,0,154.8,202.2,159.0,51.2,21
158,Georginio,Georginio Rutter,6,Brighton,MID,a,Available,100.0,,1336,16,2,4,2,0,238.4,251.0,326.0,81.5,21
159,March,Solly March,6,Brighton,MID,d,Doubtful,25.0,Knee injury - 25% chance of playing,0,0,0,0,0,0,0.0,0.0,0.0,0.0,21
160,Minteh,Yankuba Minteh,6,Brighton,MID,d,Doubtful,50.0,Dead leg - 50% chance of playing,1543,18,1,8,0,0,290.2,419.0,414.0,112.6,21
161,Enciso,Julio Enciso Espínola,6,Brighton,MID,u,Unavailable,0.0,has joined Strasbourg permanently.,0,0,0,0,0,0,0.0,0.0,0.0,0.0,21
162,Gruda,Brajan Gruda,6,Brighton,MID,a,Available,100.0,,643,7,1,1,2,0,119.6,190.7,137.0,44.4,21
163,Hinshelwood,Jack Hinshelwood,6,Brighton,MID,a,Available,100.0,,590,6,1,2,0,0,117.4,53.5,50.0,22.3,21
164,O'Riley,Matt O'Riley,6,Brighton,MID,u,Unavailable,0.0,has joined Marseille on loan for the rest of the season.,177,2,1,0,0,0,60.8,66.6,63.0,19.0,21
165,Sima,Abdallah Sima,6,Brighton,MID,u,Unavailable,0.0,has joined Lens permanently.,0,0,0,0,0,0,0.0,0.0,0.0,0.0,21
166,Ayari,Yasin Ayari,6,Brighton,MID,a,Available,100.0,,1519,16,2,2,0,0,245.0,191.2,186.0,62.3,21
167,Baleba,Carlos Baleba,6,Brighton,MID,a,Available,100.0,,894,14,0,0,4,0,63.2,68.4,16.0,14.7,21
169,Gomez,Diego Gómez Amarilla,6,Brighton,MID,a,Available,100.0,,1268,15,3,0,5,0,259.0,237.2,293.0,78.9,21
170,Milner,James Milner,6,Brighton,MID,a,Available,100.0,,297,2,1,1,2,0,88.2,90.0,23.0,20.0,21
171,Sarmiento,Jeremy Sarmiento Morante,6,Brighton,MID,u,Unavailable,0.0,has joined Cremonese on loan for the rest of the season.,0,0,0,0,0,0,0.0,0.0,0.0,0.0,21
172,Watson,Tom Watson,6,Brighton,MID,a,Available,100.0,,57,0,0,0,1,0,6.0,2.4,7.0,1.6,21
173,Wieffer,Mats Wieffer,6,Brighton,MID,i,Injured,0.0,Toe Injury - Unknown return date,1179,13,0,4,4,0,303.4,229.5,131.0,66.5,21
174,Yalcouye,Malick Yalcouyé,6,Brighton,MID,u,Unavailable,0.0,Has joined Swansea City on loan for the rest of the season.,0,0,0,0,0,0,0.0,0.0,0.0,0.0,21
175,Knight,Joe Knight,6,Brighton,MID,a,Available,,,1,0,0,0,0,0,0.0,0.0,0.0,0.0,21
176,Mazilu,Adrian Mazilu,6,Brighton,MID,u,Unavailable,0.0,has joined Dinamo Bucharest permanently.,0,0,0,0,0,0,0.0,0.0,0.0,0.0,21
177,Moran,Andrew Moran,6,Brighton,MID,u,Unavailable,0.0,Has joined Los Angeles FC on loan for the rest of the season.,0,0,0,0,0,0,0.0,0.0,0.0,0.0,21
178,Welbeck,Danny Welbeck,6,Brighton,FWD,a,Available,100.0,,1113,12,8,0,3,0,300.4,154.3,316.0,76.5,21
179,Ferguson,Evan Ferguson,6,Brighton,FWD,u,Unavailable,0.0,Has joined AS Roma on loan for the rest of the season,0,0,0,0,0,0,0.0,0.0,0.0,0.0,21
180,Tzimas,Stefanos Tzimas,6,Brighton,FWD,i,Injured,0.0,Knee injury - Expected back 01 Jun,132,1,1,1,0,0,66.6,65.7,44.0,17.7,21
181,Kostoulas,Charalampos Kostoulas,6,Brighton,FWD,a,Available,,,167,1,1,1,1,0,79.8,69.2,142.0,29.1,21
744,Oriola,Nehemiah Oriola,6,Brighton,MID,a,Available,,,1,0,0,0,0,0,0.0,0.0,0.0,0.0,21
761,Simmonds,Freddie Simmonds,6,Brighton,DEF,a,Available,,,0,0,0,0,0,0,0.0,0.0,0.0,0.0,21
783,Groß,Pascal Groß,6,Brighton,MID,a,Available,,,109,1,0,0,1,0,9.8,4.3,25.0,3.7,21
795,Howell,Harry Howell,6,Brighton,MID,a,Available,,,0,0,0,0,0,0,0.0,0.0,0.0,0.0,21
168,Buonanotte,Facundo Buonanotte,7,Chelsea,MID,a,Available,100.0,,45,1,0,0,0,0,5.6,25.1,8.0,3.9,21
220,Sánchez,Robert Lynch Sánchez,7,Chelsea,GK,a,Available,100.0,,1714,20,0,1,2,1,434.0,50.0,0.0,48.1,21
221,Jörgensen,Filip Jörgensen,7,Chelsea,GK,a,Available,,,174,1,0,0,0,0,28.2,0.0,0.0,2.8,21
222,Penders,Mike Penders,7,Chelsea,GK,u,Unavailable,0.0,Has joined RC Strasbourg on loan for the rest of the season.,0,0,0,0,0,0,0.0,0.0,0.0,0.0,21
223,Slonina,Gabriel Słonina,7,Chelsea,GK,a,Available,,,0,0,0,0,0,0,0.0,0.0,0.0,0.0,21
224,Cucurella,Marc Cucurella Saseta,7,Chelsea,DEF,a,Available,100.0,,1525,18,0,2,3,1,299.4,307.8,113.0,71.9,21
225,James,Reece James,7,Chelsea,DEF,a,Available,100.0,,1361,14,2,5,4,0,377.0,368.6,85.0,83.2,21
226,Chalobah,Trevoh Chalobah,7,Chelsea,DEF,a,Available,100.0,,1740,20,3,1,3,1,497.2,82.5,143.0,72.2,21
227,Colwill,Levi Samuels Colwill,7,Chelsea,DEF,i,Injured,0.0,Anterior cruciate ligament - Unknown return date,0,0,0,0,0,0,0.0,0.0,0.0,0.0,21
228,Gusto,Malo Gusto,7,Chelsea,DEF,a,Available,100.0,,1216,13,2,2,1,1,273.2,200.1,118.0,59.1,21
229,B.Badiashile,Benoît Badiashile Mukinayi,7,Chelsea,DEF,a,Available,100.0,,335,4,0,0,2,0,57.8,6.2,0.0,6.5,21
230,Fofana,Wesley Fofana,7,Chelsea,DEF,a,Available,100.0,,757,9,0,0,1,0,214.8,14.7,22.0,25.2,21
231,M.Sarr,Mamadou Sarr,7,Chelsea,DEF,u,Unavailable,0.0,Has joined RC Strasbourg on loan for the rest of the season.,0,0,0,0,0,0,0.0,0.0,0.0,0.0,21
232,Tosin,Tosin Adarabioyo,7,Chelsea,DEF,a,Available,100.0,,647,6,0,0,2,0,190.8,31.8,19.0,24.2,21
233,Acheampong,Josh Acheampong,7,Chelsea,DEF,a,Available,100.0,,468,6,1,0,0,0,107.8,25.6,64.0,19.9,21
234,Anselmino,Aarón Anselmino,7,Chelsea,DEF,u,Unavailable,0.0,has joined Borussia Dortmund on loan for the rest of the season.,0,0,0,0,0,0,0.0,0.0,0.0,0.0,21
235,Palmer,Cole Palmer,7,Chelsea,MID,a,Available,100.0,,663,9,3,1,1,0,161.2,113.2,197.0,47.0,21
236,Neto,Pedro Lomba Neto,7,Chelsea,MID,a,Available,100.0,,1639,19,5,4,2,0,379.4,527.9,378.0,128.8,21
237,Enzo,Enzo Fernández,7,Chelsea,MID,a,Available,100.0,,1700,19,6,2,5,0,463.4,502.9,501.0,146.8,21
238,Estêvão,Estêvão Almeida de Oliveira Gonçalves,7,Chelsea,MID,a,Available,100.0,,602,8,1,4,3,0,120.4,189.0,233.0,54.1,21
239,Gittens,Jamie Bynoe-Gittens,7,Chelsea,MID,a,Available,,,445,4,0,2,0,0,93.0,128.8,91.0,31.2,21
240,Nkunku,Christopher Nkunku,7,Chelsea,MID,u,Unavailable,0.0,has joined AC Milan permanently.,0,0,0,0,0,0,0.0,0.0,0.0,0.0,21
241,Caicedo,Moisés Caicedo Corozo,7,Chelsea,MID,a,Available,100.0,,1342,15,3,1,5,1,375.6,191.6,85.0,65.0,21
243,George,Tyrique George,7,Chelsea,MID,a,Available,,,142,0,0,0,2,0,8.2,7.0,56.0,7.1,21
244,Lavia,Roméo Lavia,7,Chelsea,MID,i,Injured,0.0,Thigh injury - Unknown return date,105,1,0,0,0,0,9.6,7.5,2.0,1.8,21
245,Mudryk,Mykhailo Mudryk,7,Chelsea,MID,s,Suspended,0.0,Suspended - unknown return date,0,0,0,0,0,0,0.0,0.0,0.0,0.0,21
246,Andrey Santos,Andrey Nascimento dos Santos,7,Chelsea,MID,a,Available,100.0,,511,5,0,0,3,0,86.0,93.0,59.0,23.7,21
247,D.Essugo,Dário Luís Essugo,7,Chelsea,MID,a,Available,100.0,,0,0,0,0,0,0,0.0,0.0,0.0,0.0,21
248,Paez,Kendry Páez Andrade,7,Chelsea,MID,u,Unavailable,0.0,Has joined RC Strasbourg on loan for the rest of the season.,0,0,0,0,0,0,0.0,0.0,0.0,0.0,21
249,João Pedro,João Pedro Junqueira de Jesus,7,Chelsea,FWD,a,Available,,,1521,18,6,3,2,0,380.2,329.7,458.0,116.4,21
250,Delap,Liam Delap,7,Chelsea,FWD,a,Available,100.0,,571,8,1,0,2,0,52.0,45.4,223.0,31.4,21
251,N.Jackson,Nicolas Jackson,7,Chelsea,FWD,u,Unavailable,0.0,has joined Bayern Munich on loan for the rest of the season.,0,0,0,0,0,0,0.0,0.0,0.0,0.0,21
252,Marc Guiu,Marc Guiu Paz,7,Chelsea,FWD,a,Available,100.0,,247,1,0,1,1,0,24.6,38.8,81.0,12.6,21
453,Garnacho,Alejandro Garnacho Ferreyra,7,Chelsea,MID,a,Available,,,759,10,1,3,1,0,136.2,227.8,259.0,61.7,21
672,Hato,Jorrel Hato,7,Chelsea,DEF,a,Available,100.0,,256,2,0,0,2,0,46.4,28.5,17.0,9.1,21
743,Emenalo,Landon Emenalo,7,Chelsea,MID,a,Available,,,0,0,0,0,0,0,0.0,0.0,0.0,0.0,21
789,Merrick,Max Merrick,7,Chelsea,GK,a,Available,,,0,0,0,0,0,0,0.0,0.0,0.0,0.0,21
253,Henderson,Dean Henderson,8,Crystal Palace,GK,a,Available,,,1890,21,0,0,2,0,454.0,10.0,0.0,46.3,21
254,Benitez,Walter Benítez,8,Crystal Palace,GK,a,Available,100.0,,0,0,0,0,0,0,0.0,0.0,0.0,0.0,21
255,Matthews,Remi Matthews,8,Crystal Palace,GK,a,Available,,,0,0,0,0,0,0,0.0,0.0,0.0,0.0,21
256,Muñoz,Daniel Muñoz Mejía,8,Crystal Palace,DEF,d,Doubtful,50.0,Knee injury - 50% chance of playing,1260,14,3,3,4,0,336.0,128.1,240.0,70.2,21
257,Lacroix,Maxence Lacroix,8,Crystal Palace,DEF,a,Available,,,1890,21,0,2,3,0,495.0,71.7,100.0,66.6,21
258,Mitchell,Tyrick Mitchell,8,Crystal Palace,DEF,a,Available,,,1884,21,1,0,4,0,392.8,268.4,138.0,80.0,21
259,Sosa,Borna Sosa,8,Crystal Palace,DEF,a,Available,100.0,,28,0,0,0,0,0,4.6,10.9,4.0,1.9,21
260,Guéhi,Marc Guéhi,8,Crystal Palace,DEF,a,Available,100.0,,1800,20,2,4,4,0,489.8,137.0,212.0,83.9,21
261,Richards,Chris Richards,8,Crystal Palace,DEF,a,Available,100.0,,1522,17,0,0,0,0,382.6,68.1,62.0,51.5,21
262,Chadi Riad,Chadi Riad Dnanou,8,Crystal Palace,DEF,i,Injured,0.0,Lack of match fitness - Unknown return date,0,0,0,0,0,0,0.0,0.0,0.0,0.0,21
263,Clyne,Nathaniel Clyne,8,Crystal Palace,DEF,d,Doubtful,50.0,Knock - 50% chance of playing,418,6,0,1,0,0,74.4,46.3,31.0,15.1,21
264,Holding,Rob Holding,8,Crystal Palace,DEF,u,Unavailable,0.0,Has joined Colorado Rapids permanently.,0,0,0,0,0,0,0.0,0.0,0.0,0.0,21
265,Kporha,Caleb Kporha,8,Crystal Palace,DEF,i,Injured,0.0,Back injury - Unknown return date,0,0,0,0,0,0,0.0,0.0,0.0,0.0,21
267,Sarr,Ismaïla Sarr,8,Crystal Palace,MID,n,Not in squad,0.0,On international duty at the Africa Cup of Nations from Gameweek 17 onwards. - Unknown return date,1009,12,3,1,1,0,200.8,152.3,214.0,56.8,21
268,Doucouré,Cheick Doucouré,8,Crystal Palace,MID,i,Injured,0.0,Knee injury - Unknown return date,0,0,0,0,0,0,0.0,0.0,0.0,0.0,21
269,Esse,Romain Esse,8,Crystal Palace,MID,u,Unavailable,0.0,has joined Coventry City on loan for the rest of the season.,40,0,0,0,0,0,6.8,2.7,6.0,1.5,21
270,Hughes,Will Hughes,8,Crystal Palace,MID,a,Available,100.0,,867,10,0,0,4,0,120.8,183.3,63.0,36.8,21
271,Kamada,Daichi Kamada,8,Crystal Palace,MID,i,Injured,0.0,Hamstring injury - Expected back 21 Feb,1166,14,0,2,1,0,141.0,164.6,110.0,41.6,21
272,Lerma,Jefferson Lerma Solís,8,Crystal Palace,MID,d,Doubtful,50.0,Head injury - 50% chance of playing,751,7,0,2,4,0,123.0,104.9,72.0,30.0,21
273,Wharton,Adam Wharton,8,Crystal Palace,MID,a,Available,100.0,,1564,19,0,3,2,0,283.8,425.6,105.0,81.5,21
274,Agbinone,Asher Agbinone,8,Crystal Palace,MID,a,Available,,,0,0,0,0,0,0,0.0,0.0,0.0,0.0,21
275,Ahamada,Naouirou Ahamada,8,Crystal Palace,MID,u,Unavailable,0.0,has joined AJ Auxerre permanently.,0,0,0,0,0,0,0.0,0.0,0.0,0.0,21
276,Devenny,Justin Devenny,8,Crystal Palace,MID,a,Available,100.0,,503,4,1,0,0,0,83.2,92.5,162.0,33.8,21
277,Ebiowei,Malcolm Ebiowei,8,Crystal Palace,MID,u,Unavailable,0.0,Has joined Blackpool permanently.,0,0,0,0,0,0,0.0,0.0,0.0,0.0,21
278,J.Rak-Sakyi,Jesurun Rak-Sakyi,8,Crystal Palace,MID,u,Unavailable,0.0,has joined Caykur Rizespor on loan for the rest of the season.,0,0,0,0,0,0,0.0,0.0,0.0,0.0,21
279,M.França,Matheus França de Oliveira,8,Crystal Palace,MID,u,Unavailable,0.0,Has joined CR Vasco da Gama on loan for the rest of the season.,0,0,0,0,0,0,0.0,0.0,0.0,0.0,21
280,Ozoh,David Ozoh,8,Crystal Palace,MID,u,Unavailable,0.0,Has joined Derby County on loan for the rest of the season.,0,0,0,0,0,0,0.0,0.0,0.0,0.0,21
281,Rodney,Kaden Rodney,8,Crystal Palace,MID,a,Available,,,3,0,0,0,0,0,0.0,0.1,0.0,0.0,21
282,Umeh,Franco Umeh-Chibueze,8,Crystal Palace,MID,u,Unavailable,0.0,has joined Portsmouth permanently.,0,0,0,0,0,0,0.0,0.0,0.0,0.0,21
283,Mateta,Jean-Philippe Mateta,8,Crystal Palace,FWD,a,Available,100.0,,1730,21,8,0,2,0,387.2,103.6,600.0,108.9,21
284,Nketiah,Eddie Nketiah,8,Crystal Palace,FWD,i,Injured,0.0,Hamstring injury - Unknown return date,414,2,2,0,2,0,120.0,84.6,173.0,37.8,21
285,Édouard,Odsonne Édouard,8,Crystal Palace,FWD,u,Unavailable,0.0,has joined RC Lens permanently.,2,0,0,0,0,0,2.0,0.0,0.0,0.2,21
286,Marsh,Zach Marsh,8,Crystal Palace,FWD,a,Available,,,0,0,0,0,0,0,0.0,0.0,0.0,0.0,21
580,Johnson,Brennan Johnson,8,Crystal Palace,MID,a,Available,,,763,8,2,0,4,0,148.4,123.5,153.0,42.4,21
690,Cardines,Rio Cardines,8,Crystal Palace,MID,i,Injured,0.0,Groin Injury - Expected back 25 Jan,0,0,0,0,0,0,0.0,0.0,0.0,0.0,21
712,Yeremy,Yéremy Pino Santos,8,Crystal Palace,MID,a,Available,100.0,,1347,17,1,1,3,0,196.4,405.3,275.0,87.4,21
723,Canvot,Jaydee Canvot,8,Crystal Palace,DEF,a,Available,100.0,,288,2,0,0,0,0,99.0,5.4,10.0,11.5,21
732,Uche,Christantus Uche,8,Crystal Palace,FWD,a,Available,,,109,0,0,1,0,0,10.8,4.2,65.0,7.7,21
762,Drakes-Thomas,Joél Drakes-Thomas,8,Crystal Palace,MID,a,Available,,,7,0,0,0,0,0,1.4,1.0,0.0,0.3,21
773,Benamar,Dean Benamar,8,Crystal Palace,DEF,a,Available,,,0,0,0,0,0,0,0.0,0.0,0.0,0.0,21
780,Casey,Ben Casey,8,Crystal Palace,FWD,a,Available,,,0,0,0,0,0,0,0.0,0.0,0.0,0.0,21
793,King,George King,8,Crystal Palace,DEF,a,Available,,,0,0,0,0,0,0,0.0,0.0,0.0,0.0,21
242,Dewsbury-Hall,Kiernan Dewsbury-Hall,9,Everton,MID,i,Injured,0.0,Hamstring injury - Unknown return date,1257,15,4,3,5,0,286.8,315.4,189.0,79.1,21
287,Pickford,Jordan Pickford,9,Everton,GK,a,Available,,,1890,21,0,0,0,0,505.4,0.1,0.0,50.5,21
288,Travers,Mark Travers,9,Everton,GK,a,Available,,,0,0,0,0,0,0,0.0,0.0,0.0,0.0,21
289,Tyrer,Harry Tyrer,9,Everton,GK,a,Available,,,0,0,0,0,0,0,0.0,0.0,0.0,0.0,21
290,Branthwaite,Jarrad Branthwaite,9,Everton,DEF,d,Doubtful,50.0,Hamstring injury - 50% chance of playing,0,0,0,0,0,0,0.0,0.0,0.0,0.0,21
291,Tarkowski,James Tarkowski,9,Everton,DEF,a,Available,,,1890,21,0,1,4,0,553.0,167.6,162.0,88.5,21
292,Mykolenko,Vitalii Mykolenko,9,Everton,DEF,a,Available,100.0,,1615,18,0,0,4,0,295.8,176.5,49.0,52.1,21
293,O'Brien,Jake O'Brien,9,Everton,DEF,a,Available,,,1758,19,0,1,1,0,312.8,170.0,90.0,57.6,21
294,Coleman,Séamus Coleman,9,Everton,DEF,i,Injured,0.0,Hamstring injury - Unknown return date,11,1,0,0,0,0,0.0,0.1,0.0,0.0,21
295,Keane,Michael Keane,9,Everton,DEF,s,Suspended,0.0,Suspended until 31 Jan,1676,19,3,0,0,1,515.4,26.0,178.0,71.8,21
296,Patterson,Nathan Patterson,9,Everton,DEF,a,Available,100.0,,76,1,0,0,0,0,23.0,1.7,17.0,4.1,21
297,Dixon,Roman Dixon,9,Everton,DEF,a,Available,,,0,0,0,0,0,0,0.0,0.0,0.0,0.0,21
298,Welch,Reece Welch,9,Everton,DEF,a,Available,,,0,0,0,0,0,0,0.0,0.0,0.0,0.0,21
299,Ndiaye,Iliman Ndiaye,9,Everton,MID,n,Not in squad,0.0,On international duty at the Africa Cup of Nations from Gameweek 17 onwards. - Unknown return date,1343,16,4,2,2,0,341.0,240.2,294.0,87.6,21
300,McNeil,Dwight McNeil,9,Everton,MID,a,Available,,,480,5,0,1,0,0,66.4,110.2,36.0,21.2,21
301,Alcaraz,Carlos Alcaraz Durán,9,Everton,MID,i,Injured,0.0,Knock - Unknown return date,656,6,0,1,3,0,79.4,144.0,156.0,38.0,21
302,Gana,Idrissa Gana Gueye,9,Everton,MID,n,Not in squad,0.0,On international duty at the Africa Cup of Nations from Gameweek 17 onwards. - Unknown return date,1051,13,2,0,0,1,198.6,112.5,112.0,42.3,21
303,Garner,James Garner,9,Everton,MID,a,Available,,,1883,21,2,3,4,0,495.0,433.8,168.0,109.8,21
304,Iroegbunam,Tim Iroegbunam,9,Everton,MID,d,Doubtful,75.0,Knock - 75% chance of playing,923,11,0,3,7,0,162.8,79.4,46.0,28.7,21
305,Armstrong,Harrison Armstrong,9,Everton,MID,a,Available,100.0,,100,1,0,0,0,0,18.6,17.6,2.0,3.8,21
306,Bates,Callum Bates,9,Everton,MID,a,Available,,,0,0,0,0,0,0,0.0,0.0,0.0,0.0,21
307,Ebere,Coby Ebere,9,Everton,MID,a,Available,,,0,0,0,0,0,0,0.0,0.0,0.0,0.0,21
308,Heath,Isaac Heath,9,Everton,MID,u,Unavailable,0.0,has joined Accrington on loan for the rest of the season.,0,0,0,0,0,0,0.0,0.0,0.0,0.0,21
309,Metcalfe,Jenson Metcalfe,9,Everton,MID,u,Unavailable,0.0,Has joined Bradford City permanently.,0,0,0,0,0,0,0.0,0.0,0.0,0.0,21
310,Barry,Thierno Barry,9,Everton,FWD,a,Available,,,1098,13,3,0,2,0,133.6,102.1,249.0,47.0,21
311,Beto,Norberto Bercique Gomes Betuncal,9,Everton,FWD,a,Available,,,824,8,2,0,1,0,125.8,52.6,289.0,45.3,21
312,Y.Chermiti,Youssef Ramalho Chermiti,9,Everton,FWD,u,Unavailable,0.0,has joined Rangers permanently.,0,0,0,0,0,0,0.0,0.0,0.0,0.0,21
313,Sherif,Martin Sherif,9,Everton,FWD,u,Unavailable,0.0,has joined Rotherham United on loan for the rest of the season.,0,0,0,0,0,0,0.0,0.0,0.0,0.0,21
419,Grealish,Jack Grealish,9,Everton,MID,a,Available,100.0,,1537,17,2,6,3,1,371.0,515.9,381.0,126.8,21
630,King,Tom King,9,Everton,GK,a,Available,,,0,0,0,0,0,0,0.0,0.0,0.0,0.0,21
667,Aznou,Adam Aznou,9,Everton,DEF,a,Available,100.0,,0,0,0,0,0,0,0.0,0.0,0.0,0.0,21
704,Onyango,Tyler Onyango,9,Everton,MID,u,Unavailable,0.0,has joined Stockport County on loan for the rest of the season.,0,0,0,0,0,0,0.0,0.0,0.0,0.0,21
705,Campbell,Elijah Campbell,9,Everton,DEF,a,Available,,,0,0,0,0,0,0,0.0,0.0,0.0,0.0,21
707,Dibling,Tyler Dibling,9,Everton,MID,a,Available,,,319,4,0,0,2,0,40.8,48.7,28.0,11.4,21
728,Röhl,Merlin Röhl,9,Everton,MID,a,Available,100.0,,263,1,0,0,0,0,50.8,44.0,26.0,12.1,21
779,Graham,Braiden Graham,9,Everton,FWD,a,Available,,,0,0,0,0,0,0,0.0,0.0,0.0,0.0,21
314,Leno,Bernd Leno,10,Fulham,GK,a,Available,,,1890,21,0,0,3,0,462.6,0.0,0.0,46.1,21
315,Benda,Steven Benda,10,Fulham,GK,u,Unavailable,0.0,Has joined Millwall on loan for the rest of the season.,0,0,0,0,0,0,0.0,0.0,0.0,0.0,21
316,Robinson,Antonee Robinson,10,Fulham,DEF,a,Available,100.0,,583,6,0,0,0,0,151.6,190.2,32.0,37.4,21
317,Andersen,Joachim Andersen,10,Fulham,DEF,a,Available,100.0,,1751,20,0,0,4,0,497.8,76.1,79.0,65.4,21
318,Bassey,Calvin Bassey,10,Fulham,DEF,n,Not in squad,0.0,On international duty at the Africa Cup of Nations from Gameweek 17 onwards. - Unknown return date,1358,15,1,0,3,0,335.2,74.1,54.0,46.5,21
319,Castagne,Timothy Castagne,10,Fulham,DEF,a,Available,,,764,8,0,1,2,0,150.6,115.5,83.0,35.0,21
320,Diop,Issa Diop,10,Fulham,DEF,a,Available,,,410,4,0,0,1,0,70.2,4.3,8.0,8.3,21
321,J.Cuenca,Jorge Cuenca Barreno,10,Fulham,DEF,a,Available,,,573,7,0,0,3,0,150.4,23.2,6.0,18.0,21
322,Tete,Kenny Tete,10,Fulham,DEF,i,Injured,0.0,Hamstring injury - Unknown return date,1346,16,1,0,2,0,322.4,137.2,79.0,53.9,21
323,Amissah,Samuel Amissah,10,Fulham,DEF,a,Available,,,0,0,0,0,0,0,0.0,0.0,0.0,0.0,21
324,Iwobi,Alex Iwobi,10,Fulham,MID,n,Not in squad,0.0,On international duty at the Africa Cup of Nations from Gameweek 17 onwards. - Unknown return date,1329,16,2,2,2,0,264.8,361.1,146.0,77.3,21
325,Smith Rowe,Emile Smith Rowe,10,Fulham,MID,a,Available,100.0,,902,9,3,1,1,0,191.8,194.9,225.0,61.2,21
326,Adama,Adama Traoré Diarra,10,Fulham,MID,a,Available,,,261,1,0,0,0,0,20.2,61.8,57.0,13.5,21
327,Andreas,Andreas Hoelgebaum Pereira,10,Fulham,MID,u,Unavailable,0.0,has joined Palmeiras permanently.,0,0,0,0,0,0,0.0,0.0,0.0,0.0,21
328,Sessegnon,Ryan Sessegnon,10,Fulham,MID,a,Available,100.0,,1123,13,2,2,0,0,253.0,122.5,128.0,50.3,21
329,Wilson,Harry Wilson,10,Fulham,MID,a,Available,100.0,,1497,18,7,6,5,0,444.8,319.9,387.0,114.9,21
330,Berge,Sander Berge,10,Fulham,MID,a,Available,,,1721,20,0,2,3,0,296.0,239.3,46.0,58.3,21
331,Cairney,Tom Cairney,10,Fulham,MID,a,Available,100.0,,397,3,1,0,2,0,75.6,80.5,43.0,20.1,21
332,Lukić,Saša Lukić,10,Fulham,MID,a,Available,100.0,,1143,14,1,3,5,0,225.4,326.9,102.0,65.4,21
333,Godo,Martial Godo,10,Fulham,MID,u,Unavailable,0.0,has joined Strasbourg permanently.,0,0,0,0,0,0,0.0,0.0,0.0,0.0,21
334,Harris,Luke Harris,10,Fulham,MID,u,Unavailable,0.0,Has joined Oxford United on loan for the rest of the season.,0,0,0,0,0,0,0.0,0.0,0.0,0.0,21
335,King,Josh King,10,Fulham,MID,i,Injured,0.0,Knee injury - Unknown return date,863,11,0,1,3,0,104.0,105.2,172.0,37.3,21
336,Reed,Harrison Reed,10,Fulham,MID,a,Available,,,14,0,1,0,0,0,35.6,8.4,7.0,5.1,21
337,Raúl,Raúl Jiménez Rodríguez,10,Fulham,FWD,a,Available,100.0,,1308,16,5,4,4,0,281.8,205.1,438.0,92.0,21
338,Muniz,Rodrigo Muniz Carvalho,10,Fulham,FWD,i,Injured,0.0,Hamstring injury - Expected back 22 Feb,348,4,1,1,1,0,61.8,42.0,122.0,22.2,21
664,Lecomte,Benjamin Lecomte,10,Fulham,GK,a,Available,,,0,0,0,0,0,0,0.0,0.0,0.0,0.0,21
727,Chukwueze,Samuel Chukwueze,10,Fulham,MID,n,Not in squad,0.0,On international duty at the Africa Cup of Nations from Gameweek 17 onwards. - Unknown return date,393,3,2,4,0,0,170.6,140.8,124.0,43.6,21
731,Kevin,Kevin Santos Lopes de Macedo,10,Fulham,MID,a,Available,100.0,,706,6,0,2,1,0,155.6,187.8,180.0,52.2,21
737,Kusi-Asare,Jonah Kusi-Asare,10,Fulham,FWD,a,Available,,,28,0,0,0,0,0,1.2,11.4,8.0,2.1,21
770,Ridgeon,Seth Ridgeon,10,Fulham,MID,a,Available,,,0,0,0,0,0,0,0.0,0.0,0.0,0.0,21
786,McNally,Alfie McNally,10,Fulham,GK,a,Available,,,0,0,0,0,0,0,0.0,0.0,0.0,0.0,21
339,Meslier,Illan Meslier,11,Leeds,GK,a,Available,,,0,0,0,0,0,0,0.0,0.0,0.0,0.0,21
340,Cairns,Alex Cairns,11,Leeds,GK,a,Available,,,0,0,0,0,0,0,0.0,0.0,0.0,0.0,21
341,Darlow,Karl Darlow,11,Leeds,GK,a,Available,,,450,5,0,0,0,0,105.0,0.0,0.0,10.5,21
342,Bogle,Jayden Bogle,11,Leeds,DEF,d,Doubtful,50.0,Calf injury - 50% chance of playing,1580,18,0,2,4,0,209.4,140.8,108.0,45.9,21
343,Struijk,Pascal Struijk,11,Leeds,DEF,a,Available,100.0,,1628,18,0,1,3,0,397.4,104.2,170.0,67.1,21
344,Bijol,Jaka Bijol,11,Leeds,DEF,a,Available,100.0,,982,11,1,2,1,0,268.4,37.7,129.0,43.5,21
345,Bornauw,Sebastiaan Bornauw,11,Leeds,DEF,d,Doubtful,75.0,Hip injury - 75% chance of playing,164,2,0,0,0,0,24.6,4.9,6.0,3.5,21
346,Byram,Sam Byram,11,Leeds,DEF,a,Available,,,7,0,0,0,0,0,0.0,0.0,0.0,0.0,21
347,Gudmundsson,Gabriel Gudmundsson,11,Leeds,DEF,a,Available,100.0,,1740,20,0,0,2,0,334.4,301.6,114.0,75.1,21
348,Rodon,Joe Rodon,11,Leeds,DEF,a,Available,100.0,,1650,19,2,0,1,0,424.2,60.2,154.0,63.9,21
349,Schmidt,Isaac Schmidt,11,Leeds,DEF,u,Unavailable,0.0,has joined Werder Bremen on loan for the rest of the season.,0,0,0,0,0,0,0.0,0.0,0.0,0.0,21
350,Aaronson,Brenden Aaronson,11,Leeds,MID,a,Available,,,1242,14,4,6,1,0,332.6,273.5,334.0,94.0,21
351,Gnonto,Wilfried Gnonto,11,Leeds,MID,a,Available,100.0,,317,4,0,2,2,0,57.8,73.1,27.0,15.9,21
352,Harrison,Jack Harrison,11,Leeds,MID,a,Available,100.0,,262,1,0,0,0,0,30.0,49.4,35.0,11.5,21
353,James,Daniel James,11,Leeds,MID,i,Injured,0.0,Hamstring injury - Expected back 31 Jan,348,4,0,0,0,0,36.0,95.0,87.0,21.9,21
354,Ampadu,Ethan Ampadu,11,Leeds,MID,a,Available,100.0,,1589,18,1,0,6,0,317.6,150.2,77.0,54.7,21
355,Greenwood,Sam Greenwood,11,Leeds,MID,u,Unavailable,0.0,has joined Pogon Szczecin permanently.,0,0,0,0,0,0,0.0,0.0,0.0,0.0,21
356,Gruev,Ilia Gruev,11,Leeds,MID,a,Available,,,650,7,0,2,1,0,97.4,72.2,6.0,17.6,21
357,Ramazani,Largie Ramazani,11,Leeds,MID,u,Unavailable,0.0,has joined Valencia on loan for the rest of the season.,0,0,0,0,0,0,0.0,0.0,0.0,0.0,21
358,Tanaka,Tanaka Ao,11,Leeds,MID,a,Available,100.0,,704,7,2,0,1,0,133.0,122.5,78.0,33.3,21
359,Crew,Charlie Crew,11,Leeds,MID,u,Unavailable,0.0,Has joined Doncaster Rovers on loan for the rest of the season.,0,0,0,0,0,0,0.0,0.0,0.0,0.0,21
360,Gelhardt,Joe Gelhardt,11,Leeds,MID,u,Unavailable,0.0,Has joined Hull City on loan for the rest of the season.,0,0,0,0,0,0,0.0,0.0,0.0,0.0,21
361,Gyabi,Darko Gyabi,11,Leeds,MID,u,Unavailable,0.0,has joined Hull City permanently.,0,0,0,0,0,0,0.0,0.0,0.0,0.0,21
362,Piroe,Joël Piroe,11,Leeds,FWD,a,Available,100.0,,201,2,0,0,0,0,6.0,20.7,90.0,11.2,21
363,Bamford,Patrick Bamford,11,Leeds,FWD,u,Unavailable,0.0,has departed the club as a free agent.,0,0,0,0,0,0,0.0,0.0,0.0,0.0,21
364,Mateo Joseph,Mateo Joseph Fernández-Regatillo,11,Leeds,FWD,u,Unavailable,0.0,Has joined RCD Mallorca on loan for the rest of the season.,0,0,0,0,0,0,0.0,0.0,0.0,0.0,21
365,Nmecha,Lukas Nmecha,11,Leeds,FWD,a,Available,100.0,,593,6,4,0,0,0,161.8,44.7,242.0,44.9,21
493,Longstaff,Sean Longstaff,11,Leeds,MID,a,Available,100.0,,877,10,1,2,1,0,228.2,327.0,54.0,60.9,21
660,Stach,Anton Stach,11,Leeds,MID,a,Available,100.0,,1529,18,3,5,2,0,392.8,603.6,213.0,121.1,21
665,Perri,Lucas Estella Perri,11,Leeds,GK,a,Available,100.0,,1440,16,0,0,2,0,322.4,0.0,0.0,32.2,21
691,Calvert-Lewin,Dominic Calvert-Lewin,11,Leeds,FWD,a,Available,100.0,,1309,14,9,2,1,0,361.4,186.2,573.0,111.3,21
698,Okafor,Noah Okafor,11,Leeds,MID,a,Available,100.0,,1031,13,2,2,2,0,170.6,160.9,257.0,58.9,21
706,Justin,James Justin,11,Leeds,DEF,a,Available,,,429,4,0,0,1,0,84.2,7.7,23.0,11.6,21
741,Gray,Harry Gray,11,Leeds,FWD,a,Available,100.0,,0,0,0,0,0,0,0.0,0.0,0.0,0.0,21
787,Chambers,Sam Chambers,11,Leeds,MID,a,Available,,,0,0,0,0,0,0,0.0,0.0,0.0,0.0,21
366,A.Becker,Alisson Becker,12,Liverpool,GK,a,Available,100.0,,1440,16,0,0,0,0,280.6,0.1,0.0,28.0,21
367,Mamardashvili,Giorgi Mamardashvili,12,Liverpool,GK,a,Available,,,450,5,0,0,0,0,140.0,0.0,0.0,13.9,21
368,Pécsi,Ármin Pécsi,12,Liverpool,GK,a,Available,,,0,0,0,0,0,0,0.0,0.0,0.0,0.0,21
369,Woodman,Freddie Woodman,12,Liverpool,GK,a,Available,,,0,0,0,0,0,0,0.0,0.0,0.0,0.0,21
370,Frimpong,Jeremie Frimpong,12,Liverpool,DEF,a,Available,100.0,,390,4,0,4,0,0,58.2,73.4,67.0,20.0,21
371,Kerkez,Milos Kerkez,12,Liverpool,DEF,a,Available,,,1413,17,1,0,3,0,283.0,240.5,96.0,62.0,21
372,Robertson,Andrew Robertson,12,Liverpool,DEF,a,Available,,,481,4,0,0,0,0,105.2,166.8,49.0,32.2,21
373,Virgil,Virgil van Dijk,12,Liverpool,DEF,a,Available,,,1890,21,0,0,3,0,567.6,116.4,142.0,82.5,21
374,Konaté,Ibrahima Konaté,12,Liverpool,DEF,a,Available,100.0,,1786,21,0,0,5,0,456.4,99.4,71.0,62.9,21
375,Bradley,Conor Bradley,12,Liverpool,DEF,i,Injured,0.0,Knee injury - Unknown return date,928,12,0,2,5,0,157.4,105.2,62.0,32.3,21
376,Gomez,Joe Gomez,12,Liverpool,DEF,a,Available,100.0,,246,3,0,2,2,0,70.2,56.3,20.0,14.6,21
377,Tsimikas,Konstantinos Tsimikas,12,Liverpool,DEF,u,Unavailable,0.0,has joined AS Roma on loan for the rest of the season.,0,0,0,0,0,0,0.0,0.0,0.0,0.0,21
378,Nallo,Amara Nallo,12,Liverpool,DEF,a,Available,100.0,,0,0,0,0,0,0,0.0,0.0,0.0,0.0,21
379,R.Williams,Rhys Williams,12,Liverpool,DEF,a,Available,,,0,0,0,0,0,0,0.0,0.0,0.0,0.0,21
380,Ramsay,Calvin Ramsay,12,Liverpool,DEF,a,Available,,,0,0,0,0,0,0,0.0,0.0,0.0,0.0,21
381,M.Salah,Mohamed Salah,12,Liverpool,MID,n,Not in squad,0.0,On international duty at the Africa Cup of Nations from Gameweek 17 onwards. - Unknown return date,1183,12,4,3,1,0,283.2,454.7,408.0,114.6,21
382,Wirtz,Florian Wirtz,12,Liverpool,MID,a,Available,100.0,,1404,16,2,2,1,0,265.2,515.9,368.0,115.0,21
383,Luis Díaz,Luis Díaz Marulanda,12,Liverpool,MID,u,Unavailable,0.0,Has joined Bayern Munch permanently.,0,0,0,0,0,0,0.0,0.0,0.0,0.0,21
384,Gakpo,Cody Gakpo,12,Liverpool,MID,a,Available,100.0,,1344,15,5,3,1,0,300.0,377.3,435.0,111.1,21
385,Chiesa,Federico Chiesa,12,Liverpool,MID,a,Available,100.0,,227,1,2,1,2,0,111.0,32.7,104.0,24.8,21
386,Mac Allister,Alexis Mac Allister,12,Liverpool,MID,a,Available,100.0,,1386,17,0,2,3,0,199.6,264.0,160.0,62.4,21
387,Szoboszlai,Dominik Szoboszlai,12,Liverpool,MID,a,Available,100.0,,1792,20,2,1,5,0,390.0,629.8,210.0,122.9,21
388,C.Jones,Curtis Jones,12,Liverpool,MID,a,Available,100.0,,964,9,0,1,1,0,179.4,249.4,78.0,50.5,21
390,Gravenberch,Ryan Gravenberch,12,Liverpool,MID,a,Available,100.0,,1681,19,4,3,3,0,422.8,280.2,115.0,81.8,21
392,Endo,Endo Wataru,12,Liverpool,MID,a,Available,100.0,,43,0,0,1,1,0,31.2,11.1,0.0,4.2,21
393,Bajcetic,Stefan Bajčetić Maquieira,12,Liverpool,MID,i,Injured,0.0,Hamstring injury - Unknown return date,0,0,0,0,0,0,0.0,0.0,0.0,0.0,21
394,McConnell,James McConnell,12,Liverpool,MID,u,Unavailable,0.0,has joined Ajax on loan for the rest of the season.,0,0,0,0,0,0,0.0,0.0,0.0,0.0,21
395,Morton,Tyler Morton,12,Liverpool,MID,u,Unavailable,0.0,Has joined Lyon permanently.,0,0,0,0,0,0,0.0,0.0,0.0,0.0,21
396,Nyoni,Trey Nyoni,12,Liverpool,MID,a,Available,,,2,0,0,0,0,0,2.2,10.3,0.0,1.3,21
397,Darwin,Darwin Núñez Ribeiro,12,Liverpool,FWD,u,Unavailable,0.0,Has joined Al-Hilal permanently.,0,0,0,0,0,0,0.0,0.0,0.0,0.0,21
398,Danns,Jayden Danns,12,Liverpool,FWD,i,Injured,0.0,Hamstring injury - Unknown return date,0,0,0,0,0,0,0.0,0.0,0.0,0.0,21
499,Isak,Alexander Isak,12,Liverpool,FWD,i,Injured,0.0,Ankle injury - Unknown return date,501,6,2,1,0,0,97.6,36.5,143.0,26.9,21
661,Ekitiké,Hugo Ekitiké,12,Liverpool,FWD,a,Available,100.0,,1128,13,8,2,0,0,354.6,168.5,431.0,94.4,21
686,Ngumoha,Rio Ngumoha,12,Liverpool,MID,a,Available,,,48,0,1,0,0,0,49.6,56.6,27.0,13.4,21
692,Leoni,Giovanni Leoni,12,Liverpool,DEF,i,Injured,0.0,Knee injury - Expected back 01 Sep,0,0,0,0,0,0,0.0,0.0,0.0,0.0,21
746,Morrison,Kieran Morrison,12,Liverpool,MID,a,Available,,,0,0,0,0,0,0,0.0,0.0,0.0,0.0,21
760,Lucky,Wellity Lucky,12,Liverpool,DEF,a,Available,,,0,0,0,0,0,0,0.0,0.0,0.0,0.0,21
82,Semenyo,Antoine Semenyo,13,Man City,MID,a,Available,100.0,,1800,20,10,5,6,0,553.4,347.8,611.0,151.4,21
182,Trafford,James Trafford,13,Man City,GK,a,Available,,,270,3,0,0,0,0,100.2,0.0,0.0,10.1,21
399,Ederson M.,Ederson Santana de Moraes,13,Man City,GK,u,Unavailable,0.0,has joined Fenerbache permanently.,0,0,0,0,0,0,0.0,0.0,0.0,0.0,21
400,Ortega Moreno,Stefan Ortega Moreno,13,Man City,GK,a,Available,,,0,0,0,0,0,0,0.0,0.0,0.0,0.0,21
401,Bettinelli,Marcus Bettinelli,13,Man City,GK,a,Available,100.0,,0,0,0,0,0,0,0.0,0.0,0.0,0.0,21
402,Aït-Nouri,Rayan Aït-Nouri,13,Man City,DEF,a,Available,100.0,,204,3,0,0,1,0,46.4,37.8,7.0,9.1,21
403,Gvardiol,Joško Gvardiol,13,Man City,DEF,i,Injured,0.0,Leg injury - Unknown return date,1301,15,2,2,2,0,354.6,104.7,193.0,65.3,21
404,Akanji,Manuel Akanji,13,Man City,DEF,u,Unavailable,0.0,has joined Inter Milan on loan for the rest of the season.,0,0,0,0,0,0,0.0,0.0,0.0,0.0,21
405,Aké,Nathan Aké,13,Man City,DEF,a,Available,,,394,3,0,0,1,0,84.0,66.8,21.0,17.3,21
406,Khusanov,Abdukodir Khusanov,13,Man City,DEF,a,Available,100.0,,379,4,0,0,1,0,70.2,11.9,0.0,8.3,21
407,Matheus N.,Matheus Nunes,13,Man City,DEF,a,Available,,,1575,17,1,4,3,0,417.6,237.9,52.0,71.0,21
408,Rúben,Rúben dos Santos Gato Alves Dias,13,Man City,DEF,i,Injured,0.0,Hamstring injury - Expected back 11 Feb,1705,19,2,0,2,0,458.0,91.8,94.0,64.5,21
409,Stones,John Stones,13,Man City,DEF,i,Injured,0.0,Thigh injury - Unknown return date,351,4,0,0,0,0,76.6,19.6,2.0,9.8,21
410,Lewis,Rico Lewis,13,Man City,DEF,a,Available,100.0,,221,2,0,1,0,0,58.6,73.9,33.0,16.5,21
411,O'Reilly,Nico O'Reilly,13,Man City,DEF,a,Available,100.0,,1476,16,1,3,3,0,343.6,256.0,200.0,80.0,21
412,Vitor Reis,Vitor de Oliveira Nunes dos Reis,13,Man City,DEF,u,Unavailable,0.0,Has joined Girona on loan for the rest of the season.,0,0,0,0,0,0,0.0,0.0,0.0,0.0,21
413,Marmoush,Omar Marmoush,13,Man City,MID,n,Not in squad,0.0,On international duty at the Africa Cup of Nations from Gameweek 17 onwards. - Unknown return date,204,2,0,1,0,0,41.4,39.1,93.0,17.2,21
414,Foden,Phil Foden,13,Man City,MID,a,Available,100.0,,1567,18,7,2,3,0,440.6,650.0,364.0,145.2,21
415,Savinho,Sávio Moreira de Oliveira,13,Man City,MID,i,Injured,0.0,Thigh injury - Expected back 21 Feb,531,5,0,2,1,0,75.0,138.1,218.0,43.1,21
416,Bernardo,Bernardo Mota Veiga de Carvalho e Silva,13,Man City,MID,a,Available,,,1493,17,0,2,5,0,183.4,321.7,99.0,60.3,21
417,Cherki,Rayan Cherki,13,Man City,MID,a,Available,100.0,,834,10,2,8,1,0,338.2,512.3,265.0,111.7,21
418,Doku,Jérémy Doku,13,Man City,MID,a,Available,100.0,,1084,12,1,7,0,0,295.8,549.3,372.0,121.6,21
420,Gündoğan,İlkay Gündoğan,13,Man City,MID,u,Unavailable,0.0,has joined Galatasaray permanently.,0,0,0,0,0,0,0.0,0.0,0.0,0.0,21
421,Rodrigo,Rodrigo 'Rodri' Hernandez Cascante,13,Man City,MID,a,Available,100.0,,453,5,0,0,0,0,97.4,123.1,29.0,24.9,21
422,Kovačić,Mateo Kovačić,13,Man City,MID,i,Injured,0.0,Ankle injury - Unknown return date,4,0,0,0,0,0,2.6,0.8,0.0,0.3,21
423,N.Gonzalez,Nico González Iglesias,13,Man City,MID,a,Available,100.0,,1331,15,1,0,4,0,269.0,183.5,64.0,51.6,21
424,Bobb,Oscar Bobb,13,Man City,MID,d,Doubtful,25.0,Hamstring injury - 25% chance of playing,464,5,0,1,1,0,69.8,154.3,87.0,31.2,21
425,Echeverri,Claudio Echeverri,13,Man City,MID,u,Unavailable,0.0,Has joined Bayer Leverkusen on loan for the rest of the season.,0,0,0,0,0,0,0.0,0.0,0.0,0.0,21
427,Reijnders,Tijjani Reijnders,13,Man City,MID,a,Available,,,1332,16,5,2,2,0,318.8,292.3,360.0,96.6,21
428,Nypan,Sverre Nypan,13,Man City,MID,u,Unavailable,0.0,Has joined Middlesbrough on loan for the rest of the season.,0,0,0,0,0,0,0.0,0.0,0.0,0.0,21
429,Phillips,Kalvin Phillips,13,Man City,MID,a,Available,,,0,0,0,0,0,0,0.0,0.0,0.0,0.0,21
430,Haaland,Erling Haaland,13,Man City,FWD,a,Available,100.0,,1822,21,20,4,0,0,828.6,152.7,1021.0,200.4,21
736,Donnarumma,Gianluigi Donnarumma,13,Man City,GK,a,Available,,,1620,18,0,0,5,0,330.0,0.0,0.0,33.1,21
739,Mukasa,Divine Mukasa,13,Man City,MID,a,Available,,,15,0,0,0,0,0,2.0,17.8,0.0,2.0,21
740,Mfuni,Stephen Mfuni,13,Man City,DEF,a,Available,,,0,0,0,0,0,0,0.0,0.0,0.0,0.0,21
742,McAidoo,Ryan McAidoo,13,Man City,MID,a,Available,,,0,0,0,0,0,0,0.0,0.0,0.0,0.0,21
763,Gray,Charlie Gray,13,Man City,MID,a,Available,,,0,0,0,0,0,0,0.0,0.0,0.0,0.0,21
764,Heskey,Reigan Heskey,13,Man City,MID,a,Available,,,0,0,0,0,0,0,0.0,0.0,0.0,0.0,21
794,Alleyne,Max Alleyne,13,Man City,DEF,a,Available,,,90,1,0,0,0,0,25.8,12.8,9.0,4.8,21
119,Mbeumo,Bryan Mbeumo,14,Man Utd,MID,a,Available,100.0,,1405,16,6,1,3,0,360.0,472.6,527.0,135.9,21
431,Bayindir,Altay Bayındır,14,Man Utd,GK,a,Available,,,540,6,0,0,0,0,118.4,10.0,0.0,12.8,21
432,Onana,André Onana,14,Man Utd,GK,u,Unavailable,0.0,has joined Trabzonspor on loan for the rest of the season.,0,0,0,0,0,0,0.0,0.0,0.0,0.0,21
433,Harrison,Elyh Harrison,14,Man Utd,GK,u,Unavailable,0.0,On loan to Shrewsbury Town,0,0,0,0,0,0,0.0,0.0,0.0,0.0,21
434,Heaton,Tom Heaton,14,Man Utd,GK,a,Available,,,0,0,0,0,0,0,0.0,0.0,0.0,0.0,21
435,Mee,Dermot Mee,14,Man Utd,GK,a,Available,,,0,0,0,0,0,0,0.0,0.0,0.0,0.0,21
436,De Ligt,Matthijs de Ligt,14,Man Utd,DEF,d,Doubtful,25.0,Back injury - 25% chance of playing,1170,13,1,0,0,0,276.6,60.2,122.0,45.7,21
437,Martinez,Lisandro Martínez,14,Man Utd,DEF,a,Available,100.0,,454,4,0,0,0,0,116.8,51.7,6.0,17.6,21
438,Mazraoui,Noussair Mazraoui,14,Man Utd,DEF,n,Not in squad,0.0,On international duty at the Africa Cup of Nations from Gameweek 17 onwards. - Unknown return date,439,6,0,0,1,0,106.6,51.1,14.0,17.1,21
439,D.Leon,Diego León Blanco,14,Man Utd,DEF,a,Available,,,0,0,0,0,0,0,0.0,0.0,0.0,0.0,21
440,Dalot,Diogo Dalot Teixeira,14,Man Utd,DEF,a,Available,100.0,,1404,16,1,5,2,0,304.6,276.4,111.0,69.2,21
441,Dorgu,Patrick Dorgu,14,Man Utd,DEF,a,Available,,,1159,12,1,3,5,0,314.8,338.0,195.0,84.8,21
442,Maguire,Harry Maguire,14,Man Utd,DEF,a,Available,100.0,,341,4,1,1,0,0,86.8,16.3,40.0,14.3,21
443,Shaw,Luke Shaw,14,Man Utd,DEF,a,Available,,,1818,21,0,1,3,0,322.4,214.5,33.0,57.0,21
444,Yoro,Leny Yoro,14,Man Utd,DEF,a,Available,,,1133,12,0,1,0,0,194.6,61.3,73.0,32.8,21
445,Amass,Harry Amass,14,Man Utd,DEF,u,Unavailable,0.0,has joined Sheffield Wednesday on loan for the rest of the season.,0,0,0,0,0,0,0.0,0.0,0.0,0.0,21
446,Fredricson,Tyler Fredricson,14,Man Utd,DEF,a,Available,,,2,0,0,0,0,0,4.0,0.0,0.0,0.4,21
447,Heaven,Ayden Heaven,14,Man Utd,DEF,a,Available,100.0,,635,8,0,1,1,0,174.6,27.2,26.0,22.8,21
448,Malacia,Tyrell Malacia,14,Man Utd,DEF,a,Available,,,2,0,0,0,0,0,3.0,0.0,0.0,0.3,21
449,B.Fernandes,Bruno Borges Fernandes,14,Man Utd,MID,a,Available,100.0,,1535,18,5,8,2,0,632.0,823.4,335.0,179.3,21
450,Cunha,Matheus Santos Carneiro da Cunha,14,Man Utd,MID,a,Available,100.0,,1372,16,4,1,1,0,325.8,305.9,463.0,109.6,21
451,Rashford,Marcus Rashford,14,Man Utd,MID,u,Unavailable,0.0,Has joined Barcelona on loan for the rest of the season,0,0,0,0,0,0,0.0,0.0,0.0,0.0,21
452,Amad,Amad Diallo,14,Man Utd,MID,a,Available,100.0,,1203,14,2,4,1,0,287.2,392.2,301.0,98.2,21
454,Antony,Antony dos Santos,14,Man Utd,MID,u,Unavailable,0.0,has joined Real Betis permanently.,0,0,0,0,0,0,0.0,0.0,0.0,0.0,21
455,Mount,Mason Mount,14,Man Utd,MID,a,Available,100.0,,811,10,3,0,0,0,162.4,198.5,158.0,51.9,21
457,Casemiro,Carlos Henrique Casimiro,14,Man Utd,MID,a,Available,100.0,,1304,18,4,3,5,1,394.4,274.0,252.0,92.2,21
458,Mainoo,Kobbie Mainoo,14,Man Utd,MID,a,Available,100.0,,228,0,0,0,0,0,48.4,90.1,18.0,15.7,21
459,Ugarte,Manuel Ugarte Ribeiro,14,Man Utd,MID,a,Available,,,721,7,0,0,1,0,114.2,60.7,32.0,20.5,21
460,Collyer,Toby Collyer,14,Man Utd,MID,u,Unavailable,0.0,Has joined West Bromwich Albion on loan for the rest of the season.,0,0,0,0,0,0,0.0,0.0,0.0,0.0,21
461,Fitzgerald,Jayce Fitzgerald,14,Man Utd,MID,a,Available,,,0,0,0,0,0,0,0.0,0.0,0.0,0.0,21
462,J.Fletcher,Jack Fletcher,14,Man Utd,MID,a,Available,,,107,0,0,0,0,0,18.6,24.4,5.0,4.8,21
463,Kone,Sékou Koné,14,Man Utd,MID,a,Available,,,0,0,0,0,0,0,0.0,0.0,0.0,0.0,21
464,Moorhouse,Jack Moorhouse,14,Man Utd,MID,u,Unavailable,0.0,has joined Leyton Orient on loan for the rest of the season.,0,0,0,0,0,0,0.0,0.0,0.0,0.0,21
465,Højlund,Rasmus Højlund,14,Man Utd,FWD,u,Unavailable,0.0,has joined Napoli on loan for the rest of the season.,0,0,0,0,0,0,0.0,0.0,0.0,0.0,21
466,Zirkzee,Joshua Zirkzee,14,Man Utd,FWD,a,Available,100.0,,481,4,2,1,1,0,141.0,129.2,166.0,43.3,21
467,Obi,Chido Obi,14,Man Utd,FWD,a,Available,,,0,0,0,0,0,0,0.0,0.0,0.0,0.0,21
468,Wheatley,Ethan Wheatley,14,Man Utd,FWD,u,Unavailable,0.0,has joined Northampton Town on loan for the rest of the season.,0,0,0,0,0,0,0.0,0.0,0.0,0.0,21
681,Šeško,Benjamin Sesko,14,Man Utd,FWD,a,Available,100.0,,1038,11,4,2,1,0,227.4,125.2,486.0,83.1,21
733,Lammens,Senne Lammens,14,Man Utd,GK,a,Available,,,1350,15,0,0,0,0,287.2,0.0,2.0,28.9,21
755,Lacey,Shea Lacey,14,Man Utd,MID,s,Suspended,0.0,Suspended until 25 Jan,12,0,0,0,0,0,4.0,1.5,11.0,1.5,21
769,Bendito Mantato,Bendito Mantato,14,Man Utd,MID,a,Available,,,15,0,0,0,0,0,2.2,11.7,0.0,1.4,21
771,Fletcher,Tyler Fletcher,14,Man Utd,MID,a,Available,,,0,0,0,0,0,0,0.0,0.0,0.0,0.0,21
788,Kukonki,Godwill Kukonki,14,Man Utd,DEF,a,Available,,,0,0,0,0,0,0,0.0,0.0,0.0,0.0,21
52,J.Ramsey,Jacob Ramsey,15,Newcastle,MID,a,Available,100.0,,505,4,0,0,2,0,60.6,139.1,64.0,26.4,21
135,Wissa,Yoane Wissa,15,Newcastle,FWD,a,Available,100.0,,241,2,1,0,1,0,38.8,19.6,95.0,14.8,21
469,Pope,Nick Pope,15,Newcastle,GK,a,Available,100.0,,1336,15,0,1,1,0,358.2,0.0,0.0,35.8,21
471,Gillespie,Mark Gillespie,15,Newcastle,GK,a,Available,,,0,0,0,0,0,0,0.0,0.0,0.0,0.0,21
472,Odysseas,Odysseas Vlachodimos,15,Newcastle,GK,u,Unavailable,0.0,Has joined Sevilla on loan for the rest of the season.,0,0,0,0,0,0,0.0,0.0,0.0,0.0,21
473,Hall,Lewis Hall,15,Newcastle,DEF,a,Available,100.0,,940,10,0,2,1,0,256.4,177.0,86.0,51.9,21
474,Schär,Fabian Schär,15,Newcastle,DEF,i,Injured,0.0,Ankle injury - Unknown return date,1089,11,0,0,1,0,291.2,63.6,108.0,46.4,21
475,Botman,Sven Botman,15,Newcastle,DEF,a,Available,100.0,,700,8,0,1,0,0,197.8,45.4,52.0,29.4,21
476,Burn,Dan Burn,15,Newcastle,DEF,i,Injured,0.0,Rib Injury - Expected back 25 Jan,1255,15,0,3,3,1,270.2,72.4,60.0,40.3,21
477,Livramento,Tino Livramento,15,Newcastle,DEF,i,Injured,0.0,Hamstring injury - Unknown return date,1048,11,0,1,1,0,190.8,178.1,36.0,40.5,21
478,Trippier,Kieran Trippier,15,Newcastle,DEF,a,Available,100.0,,699,8,0,0,1,0,113.0,230.7,4.0,34.6,21
479,Krafth,Emil Krafth,15,Newcastle,DEF,i,Injured,0.0,Knee injury - Unknown return date,45,1,0,0,0,0,1.4,1.2,0.0,0.3,21
480,Lascelles,Jamaal Lascelles,15,Newcastle,DEF,d,Doubtful,25.0,Lack of match fitness - 25% chance of playing,19,0,0,0,0,0,10.2,0.0,7.0,1.7,21
481,A.Murphy,Alex Murphy,15,Newcastle,DEF,a,Available,,,0,0,0,0,0,0,0.0,0.0,0.0,0.0,21
482,Ashby,Harrison Ashby,15,Newcastle,DEF,a,Available,100.0,,0,0,0,0,0,0,0.0,0.0,0.0,0.0,21
483,Pivas,Miodrag Pivaš,15,Newcastle,DEF,a,Available,,,0,0,0,0,0,0,0.0,0.0,0.0,0.0,21
484,Targett,Matt Targett,15,Newcastle,DEF,u,Unavailable,0.0,has joined Middlesbrough on loan for the rest of the season.,0,0,0,0,0,0,0.0,0.0,0.0,0.0,21
485,Gordon,Anthony Gordon,15,Newcastle,MID,a,Available,100.0,,999,14,2,3,2,1,185.0,248.4,277.0,70.7,21
486,Elanga,Anthony Elanga,15,Newcastle,MID,a,Available,100.0,,675,7,0,1,0,0,76.6,139.2,105.0,32.1,21
487,Barnes,Harvey Barnes,15,Newcastle,MID,a,Available,,,942,9,5,0,0,0,268.8,217.1,406.0,89.0,21
488,Bruno G.,Bruno Guimarães Rodriguez Moura,15,Newcastle,MID,a,Available,,,1749,19,8,5,4,0,585.0,491.6,315.0,139.2,21
489,J.Murphy,Jacob Murphy,15,Newcastle,MID,d,Doubtful,75.0,Hamstring injury - 75% chance of playing,1005,12,2,1,0,0,209.2,299.6,266.0,77.3,21
490,Joelinton,Joelinton Cássio Apolinário de Lira,15,Newcastle,MID,a,Available,100.0,,1227,15,2,0,5,0,231.6,179.9,232.0,64.4,21
491,Tonali,Sandro Tonali,15,Newcastle,MID,a,Available,100.0,,1427,18,0,1,2,0,227.4,295.0,109.0,63.3,21
492,Antoñito C.,Antoñito Cordero Campillo,15,Newcastle,MID,u,Unavailable,0.0,has joined Cadiz on loan for the rest of the season.,0,0,0,0,0,0,0.0,0.0,0.0,0.0,21
494,Willock,Joe Willock,15,Newcastle,MID,a,Available,100.0,,233,2,0,0,1,0,35.4,49.6,27.0,11.0,21
495,Hayden,Isaac Hayden,15,Newcastle,MID,u,Unavailable,0.0,Has departed the club as a free agent.,0,0,0,0,0,0,0.0,0.0,0.0,0.0,21
496,Kuol,Garang Kuol,15,Newcastle,MID,u,Unavailable,0.0,has joined Sparta Prague permanently.,0,0,0,0,0,0,0.0,0.0,0.0,0.0,21
497,L.Miley,Lewis Miley,15,Newcastle,MID,a,Available,100.0,,1020,10,1,3,0,0,251.8,175.8,113.0,54.1,21
498,White,Joe White,15,Newcastle,MID,a,Available,100.0,,0,0,0,0,0,0,0.0,0.0,0.0,0.0,21
500,Osula,William Osula,15,Newcastle,FWD,i,Injured,0.0,Ankle injury - Expected back 31 Jan,213,1,1,1,0,0,41.2,14.2,68.0,12.1,21
501,Neave,Sean Neave,15,Newcastle,FWD,a,Available,,,0,0,0,0,0,0,0.0,0.0,0.0,0.0,21
674,Ramsdale,Aaron Ramsdale,15,Newcastle,GK,a,Available,,,553,6,0,0,0,0,97.4,10.0,0.0,10.8,21
684,Thiaw,Malick Thiaw,15,Newcastle,DEF,a,Available,,,1487,17,3,0,3,0,475.2,42.6,196.0,71.2,21
689,Seung soo,Seung-Soo Park,15,Newcastle,MID,a,Available,,,0,0,0,0,0,0,0.0,0.0,0.0,0.0,21
714,Woltemade,Nick Woltemade,15,Newcastle,FWD,a,Available,,,1258,16,7,3,0,0,341.6,162.2,362.0,86.1,21
753,Ruddy,John Ruddy,15,Newcastle,GK,a,Available,,,0,0,0,0,0,0,0.0,0.0,0.0,0.0,21
765,Shahar,Leo Shahar,15,Newcastle,DEF,a,Available,,,0,0,0,0,0,0,0.0,0.0,0.0,0.0,21
772,Alabi,Sam Alabi,15,Newcastle,MID,a,Available,,,0,0,0,0,0,0,0.0,0.0,0.0,0.0,21
12,Zinchenko,Oleksandr Zinchenko,16,Nott'm Forest,DEF,n,Not in squad,0.0,Ineligible to face his parent club on 17/1. - Expected back 25 Jan,352,4,0,0,0,0,80.8,83.4,22.0,18.6,21
426,McAtee,James McAtee,16,Nott'm Forest,MID,a,Available,,,169,1,0,0,1,0,16.2,44.9,8.0,7.0,21
502,Sels,Matz Sels,16,Nott'm Forest,GK,a,Available,100.0,,1452,16,0,0,1,0,379.8,10.0,0.0,39.0,21
503,C.Miguel,Carlos Miguel dos Santos Pereira,16,Nott'm Forest,GK,u,Unavailable,0.0,Has joined Palmeiras permanently.,0,0,0,0,0,0,0.0,0.0,0.0,0.0,21
504,Turner,Matt Turner,16,Nott'm Forest,GK,u,Unavailable,0.0,Has joined Lyon permanently.,0,0,0,0,0,0,0.0,0.0,0.0,0.0,21
505,Milenković,Nikola Milenković,16,Nott'm Forest,DEF,a,Available,,,1890,21,0,0,4,0,387.8,35.7,88.0,51.4,21
506,Murillo,Murillo Costa dos Santos,16,Nott'm Forest,DEF,a,Available,100.0,,1279,15,1,0,3,0,359.8,63.2,67.0,49.1,21
507,Aina,Ola Aina,16,Nott'm Forest,DEF,a,Available,100.0,,428,5,0,0,1,0,86.6,60.9,38.0,18.6,21
508,N.Williams,Neco Williams,16,Nott'm Forest,DEF,a,Available,,,1890,21,1,1,4,0,476.8,329.5,210.0,101.8,21
509,David Carmo,David Mota Veiga Teixeira do Carmo,16,Nott'm Forest,DEF,u,Unavailable,0.0,has joined Real Oviedo on loan for the rest of the season.,0,0,0,0,0,0,0.0,0.0,0.0,0.0,21
510,Jair Cunha,Jair Paula da Cunha Filho,16,Nott'm Forest,DEF,a,Available,,,90,1,0,0,0,0,26.0,0.4,0.0,2.6,21
511,Morato,Felipe Rodrigues da Silva,16,Nott'm Forest,DEF,a,Available,,,709,8,0,0,4,0,165.2,9.1,5.0,17.9,21
512,O.Richards,Omar Richards,16,Nott'm Forest,DEF,u,Unavailable,0.0,has joined Rio Ave on loan for the rest of the season.,0,0,0,0,0,0,0.0,0.0,0.0,0.0,21
513,Abbott,Zach Abbott,16,Nott'm Forest,DEF,a,Available,,,45,0,0,0,0,0,15.6,0.6,0.0,1.6,21
514,Boly,Willy Boly,16,Nott'm Forest,DEF,a,Available,100.0,,0,0,0,0,0,0,0.0,0.0,0.0,0.0,21
515,Gibbs-White,Morgan Gibbs-White,16,Nott'm Forest,MID,a,Available,100.0,,1782,20,5,1,0,0,328.8,384.5,408.0,111.9,21
516,Hudson-Odoi,Callum Hudson-Odoi,16,Nott'm Forest,MID,a,Available,100.0,,1118,11,3,1,0,0,223.4,333.0,198.0,75.3,21
517,Anderson,Elliot Anderson,16,Nott'm Forest,MID,a,Available,,,1890,21,1,3,4,0,465.4,543.7,146.0,115.9,21
518,Jota,João Pedro Ferreira da Silva,16,Nott'm Forest,MID,u,Unavailable,0.0,has joined Besiktas on loan for the rest of the season.,11,0,0,0,0,0,5.0,0.5,4.0,1.0,21
519,Dominguez,Nicolás Domínguez,16,Nott'm Forest,MID,a,Available,100.0,,564,8,1,0,2,0,121.4,131.4,64.0,31.8,21
520,O'Brien,Lewis O'Brien,16,Nott'm Forest,MID,u,Unavailable,0.0,Has joined Wrexham permanently.,0,0,0,0,0,0,0.0,0.0,0.0,0.0,21
521,Sangaré,Ibrahim Sangaré,16,Nott'm Forest,MID,a,Available,100.0,,864,11,2,2,2,0,233.0,78.6,77.0,38.9,21
522,Yates,Ryan Yates,16,Nott'm Forest,MID,d,Doubtful,25.0,Hamstring injury - 25% chance of playing,299,1,0,1,1,0,64.2,27.0,25.0,11.5,21
523,Da Silva Moreira,Eric da Silva Moreira,16,Nott'm Forest,MID,u,Unavailable,0.0,has joined Rio Ave on loan for the rest of the season.,0,0,0,0,0,0,0.0,0.0,0.0,0.0,21
524,Stamenic,Marko Stamenić,16,Nott'm Forest,MID,u,Unavailable,0.0,Has joined Swansea City permanently.,0,0,0,0,0,0,0.0,0.0,0.0,0.0,21
525,Wood,Chris Wood,16,Nott'm Forest,FWD,i,Injured,0.0,Knee injury - Unknown return date,538,7,2,0,0,0,77.6,49.6,179.0,29.8,21
526,Igor Jesus,Igor Jesus Maciel da Cruz,16,Nott'm Forest,FWD,a,Available,,,1143,13,1,2,0,0,116.6,109.0,344.0,54.6,21
527,Awoniyi,Taiwo Awoniyi,16,Nott'm Forest,FWD,a,Available,100.0,,182,1,0,0,0,0,17.0,40.5,68.0,12.6,21
669,Ndoye,Dan Ndoye,16,Nott'm Forest,MID,a,Available,100.0,,997,14,1,2,1,0,143.4,152.7,134.0,43.1,21
675,Gunn,Angus Gunn,16,Nott'm Forest,GK,a,Available,100.0,,0,0,0,0,0,0,0.0,0.0,0.0,0.0,21
693,Hutchinson,Omari Hutchinson,16,Nott'm Forest,MID,a,Available,,,877,8,1,4,0,0,183.4,286.9,216.0,68.3,21
696,Kalimuendo,Arnaud Kalimuendo,16,Nott'm Forest,FWD,u,Unavailable,0.0,has joined Eintracht Frankfurt on loan for the rest of the season.,89,0,0,0,0,0,6.8,17.7,39.0,6.3,21
699,Douglas Luiz,Douglas Luiz Soares de Paulo,16,Nott'm Forest,MID,a,Available,100.0,,314,5,0,1,2,0,46.6,77.4,25.0,14.9,21
715,John,John Victor Maciel Furtado,16,Nott'm Forest,GK,d,Doubtful,50.0,Knee injury - 50% chance of playing,437,5,0,0,1,0,56.4,0.0,0.0,5.7,21
716,Savona,Nicolò Savona,16,Nott'm Forest,DEF,a,Available,,,1025,11,2,0,2,0,216.6,123.2,94.0,43.5,21
729,Cuiabano,Luis Eduardo Soares da Silva,16,Nott'm Forest,DEF,u,Unavailable,0.0,has joined Botafogo on loan for the rest of the season.,0,0,0,0,0,0,0.0,0.0,0.0,0.0,21
734,Bakwa,Dilane Bakwa,16,Nott'm Forest,MID,a,Available,100.0,,302,3,0,1,1,0,49.8,108.8,71.0,23.0,21
528,Patterson,Anthony Patterson,17,Sunderland,GK,a,Available,,,0,0,0,0,0,0,0.0,0.0,0.0,0.0,21
529,Moore,Simon Moore,17,Sunderland,GK,a,Available,,,0,0,0,0,0,0,0.0,0.0,0.0,0.0,21
530,Nna Noukeu,Blondy Nna Noukeu,17,Sunderland,GK,a,Available,,,0,0,0,0,0,0,0.0,0.0,0.0,0.0,21
531,Ballard,Daniel Ballard,17,Sunderland,DEF,a,Available,100.0,,1221,13,2,1,2,0,400.4,72.5,251.0,72.4,21
532,Hume,Trai Hume,17,Sunderland,DEF,a,Available,,,1741,19,0,1,5,0,298.2,224.7,102.0,62.6,21
533,Alese,Aji Alese,17,Sunderland,DEF,i,Injured,0.0,Shoulder injury - Unknown return date,0,0,0,0,0,0,0.0,0.0,0.0,0.0,21
534,Anderson,Joe Anderson,17,Sunderland,DEF,a,Available,,,0,0,0,0,0,0,0.0,0.0,0.0,0.0,21
535,Cirkin,Dennis Cirkin,17,Sunderland,DEF,a,Available,100.0,,249,3,0,0,1,0,50.0,7.5,2.0,5.9,21
536,Hjelde,Leo Fuhr Hjelde,17,Sunderland,DEF,a,Available,100.0,,0,0,0,0,0,0,0.0,0.0,0.0,0.0,21
537,Huggins,Niall Huggins,17,Sunderland,DEF,u,Unavailable,0.0,has joined Wycombe Wanderers on loan for the rest of the season.,0,0,0,0,0,0,0.0,0.0,0.0,0.0,21
538,Johnson,Zak Johnson,17,Sunderland,DEF,a,Available,,,0,0,0,0,0,0,0.0,0.0,0.0,0.0,21
539,O'Nien,Luke O'Nien,17,Sunderland,DEF,a,Available,100.0,,11,0,0,0,0,1,5.0,0.5,0.0,0.5,21
540,Pembele,Timothée Pembélé,17,Sunderland,DEF,u,Unavailable,0.0,has joined Le Havre AC on loan for the rest of the season.,0,0,0,0,0,0,0.0,0.0,0.0,0.0,21
541,Reinildo,Reinildo Mandava,17,Sunderland,DEF,a,Available,100.0,,1022,12,0,1,4,1,186.4,33.9,25.0,24.7,21
542,Seelt,Jenson Seelt,17,Sunderland,DEF,u,Unavailable,0.0,has joined Wolfsburg on loan for the rest of the season.,133,1,0,0,0,0,33.6,2.4,0.0,3.6,21
543,Adingra,Simon Adingra,17,Sunderland,MID,a,Available,,,649,9,1,1,2,0,81.4,116.8,75.0,27.0,21
544,Diarra,Habib Diarra,17,Sunderland,MID,i,Injured,0.0,International Duty - Unknown return date,371,4,0,1,1,0,16.0,31.5,45.0,8.6,21
545,Roberts,Patrick Roberts,17,Sunderland,MID,u,Unavailable,0.0,has joined Birmingham City on loan for the rest of the season.,27,0,0,0,0,0,1.8,7.3,5.0,1.4,21
546,Aleksić,Milan Aleksić,17,Sunderland,MID,u,Unavailable,0.0,has joined Cracovia on loan for the rest of the season.,0,0,0,0,0,0,0.0,0.0,0.0,0.0,21
547,E.Le Fée,Enzo Le Fée,17,Sunderland,MID,a,Available,100.0,,1575,18,2,4,5,0,348.4,446.9,138.0,93.4,21
548,Mundle,Romaine Mundle,17,Sunderland,MID,a,Available,100.0,,170,0,0,0,1,0,20.0,19.9,46.0,8.3,21
549,Neil,Dan Neil,17,Sunderland,MID,a,Available,,,13,0,0,0,0,0,3.0,1.4,0.0,0.4,21
550,Poveda,Ian Poveda-Ocampo,17,Sunderland,MID,a,Available,,,0,0,0,0,0,0,0.0,0.0,0.0,0.0,21
551,Rigg,Chris Rigg,17,Sunderland,MID,a,Available,,,375,6,0,0,0,0,20.2,48.4,21.0,8.9,21
552,Sadiki,Noah Sadiki,17,Sunderland,MID,a,Available,100.0,,1414,16,0,0,4,0,159.4,155.6,37.0,35.3,21
553,Talbi,Chemsdine Talbi,17,Sunderland,MID,n,Not in squad,0.0,On international duty at the Africa Cup of Nations from Gameweek 17 onwards. - Unknown return date,881,9,2,2,0,0,128.4,126.7,123.0,37.3,21
554,Ba,Abdoullah Ba,17,Sunderland,MID,a,Available,,,0,0,0,0,0,0,0.0,0.0,0.0,0.0,21
555,Browne,Alan Browne,17,Sunderland,MID,u,Unavailable,0.0,has joined Middlesbrough on loan for the rest of the season.,0,0,0,0,0,0,0.0,0.0,0.0,0.0,21
556,Ekwah,Pierre Ekwah Elimby,17,Sunderland,MID,u,Unavailable,0.0,Has joined AS Saint-Etienne permanently.,0,0,0,0,0,0,0.0,0.0,0.0,0.0,21
557,H.Jones,Harrison Jones,17,Sunderland,MID,a,Available,,,0,0,0,0,0,0,0.0,0.0,0.0,0.0,21
558,Matete,Jay Matete,17,Sunderland,MID,a,Available,,,0,0,0,0,0,0,0.0,0.0,0.0,0.0,21
559,Triantis,Nectarios Triantis,17,Sunderland,MID,u,Unavailable,0.0,has joined Minnesota United permanently.,0,0,0,0,0,0,0.0,0.0,0.0,0.0,21
560,Isidor,Wilson Isidor,17,Sunderland,FWD,a,Available,100.0,,970,11,4,0,1,0,160.4,22.2,345.0,52.6,21
561,Mayenda,Eliezer Mayenda Dossou,17,Sunderland,FWD,a,Available,,,492,5,1,0,0,0,65.2,39.4,110.0,21.1,21
562,Abdullahi,Ahmed Abdullahi,17,Sunderland,FWD,a,Available,,,0,0,0,0,0,0,0.0,0.0,0.0,0.0,21
563,Luís Hemir,Luís Hemir Silva Semedo,17,Sunderland,FWD,u,Unavailable,0.0,has joined Moreirense on loan for the rest of the season.,0,0,0,0,0,0,0.0,0.0,0.0,0.0,21
564,Rusyn,Nazarii Rusyn,17,Sunderland,FWD,u,Unavailable,0.0,has joined Arka on loan for the rest of the season.,0,0,0,0,0,0,0.0,0.0,0.0,0.0,21
668,Xhaka,Granit Xhaka,17,Sunderland,MID,a,Available,,,1872,21,1,5,4,0,515.8,413.9,77.0,100.6,21
670,Roefs,Robin Roefs,17,Sunderland,GK,a,Available,,,1890,21,0,0,2,0,593.2,40.0,0.0,63.2,21
678,Masuaku,Arthur Masuaku,17,Sunderland,DEF,a,Available,100.0,,125,2,0,0,1,0,21.8,20.1,7.0,4.9,21
683,Alderete,Omar Alderete,17,Sunderland,DEF,a,Available,100.0,,1469,16,1,1,3,0,434.2,61.6,192.0,69.1,21
694,Mukiele,Nordi Mukiele,17,Sunderland,DEF,a,Available,,,1710,19,1,2,3,0,439.4,168.3,105.0,71.3,21
724,Geertruida,Lutsharel Geertruida,17,Sunderland,DEF,a,Available,,,970,10,0,0,0,0,156.2,63.6,34.0,25.4,21
730,Brobbey,Brian Brobbey,17,Sunderland,FWD,a,Available,100.0,,698,7,3,1,1,0,144.4,46.3,173.0,35.5,21
735,Traoré,Bertrand Traoré,17,Sunderland,MID,d,Doubtful,75.0,Knock - 75% chance of playing,607,9,1,1,1,0,115.6,108.1,135.0,35.9,21
774,Jenson Jones,Jenson Jones,17,Sunderland,DEF,a,Available,,,0,0,0,0,0,0,0.0,0.0,0.0,0.0,21
775,Tutierov,Tymur Tutierov,17,Sunderland,MID,a,Available,,,0,0,0,0,0,0,0.0,0.0,0.0,0.0,21
565,Vicario,Guglielmo Vicario,18,Spurs,GK,a,Available,,,1890,21,0,0,1,0,474.0,0.1,0.0,47.5,21
566,Austin,Brandon Austin,18,Spurs,GK,a,Available,,,0,0,0,0,0,0,0.0,0.0,0.0,0.0,21
567,Kinsky,Antonín Kinský,18,Spurs,GK,a,Available,,,0,0,0,0,0,0,0.0,0.0,0.0,0.0,21
568,Pedro Porro,Pedro Porro Sauceda,18,Spurs,DEF,a,Available,,,1685,19,0,2,5,0,363.2,423.6,71.0,86.0,21
569,Romero,Cristian Romero,18,Spurs,DEF,a,Available,100.0,,1457,16,2,1,7,1,426.2,97.0,150.0,67.3,21
570,Danso,Kevin Danso,18,Spurs,DEF,a,Available,,,581,7,0,0,4,0,175.2,7.1,8.0,19.1,21
571,Davies,Ben Davies,18,Spurs,DEF,a,Available,100.0,,118,1,1,0,0,0,64.8,18.2,52.0,13.5,21
572,Dragusin,Radu Drăgușin,18,Spurs,DEF,a,Available,100.0,,5,0,0,0,0,0,0.0,0.3,4.0,0.4,21
573,Spence,Djed Spence,18,Spurs,DEF,a,Available,,,1345,16,0,0,2,0,168.8,121.7,77.0,36.6,21
574,Udogie,Destiny Udogie,18,Spurs,DEF,a,Available,100.0,,605,6,0,1,1,0,119.0,98.3,57.0,27.4,21
575,Van de Ven,Micky van de Ven,18,Spurs,DEF,a,Available,,,1789,20,3,1,5,0,417.6,72.2,172.0,66.2,21
576,Phillips,Ashley Phillips,18,Spurs,DEF,u,Unavailable,0.0,Has joined Stoke City on loan for the rest of the season.,0,0,0,0,0,0,0.0,0.0,0.0,0.0,21
577,Takai,Takai Kōta,18,Spurs,DEF,u,Unavailable,0.0,has joined Borussia Mönchengladbach on loan for the rest of the season.,0,0,0,0,0,0,0.0,0.0,0.0,0.0,21
578,Vuskovic,Luka Vušković,18,Spurs,DEF,u,Unavailable,0.0,has joined Hamburger SV on loan for the rest of the season.,0,0,0,0,0,0,0.0,0.0,0.0,0.0,21
579,Son,Son Heung-min,18,Spurs,MID,u,Unavailable,0.0,Has joined Los Angeles FC permanently.,0,0,0,0,0,0,0.0,0.0,0.0,0.0,21
581,Maddison,James Maddison,18,Spurs,MID,i,Injured,0.0,Anterior cruciate ligament - Unknown return date,0,0,0,0,0,0,0.0,0.0,0.0,0.0,21
582,Kudus,Mohammed Kudus,18,Spurs,MID,i,Injured,0.0,Thigh injury - Expected back 11 Apr,1535,19,2,6,3,0,333.4,413.8,302.0,104.7,21
583,Kulusevski,Dejan Kulusevski,18,Spurs,MID,i,Injured,0.0,Knee injury - Unknown return date,0,0,0,0,0,0,0.0,0.0,0.0,0.0,21
584,Tel,Mathys Tel,18,Spurs,MID,a,Available,,,461,5,3,1,0,0,135.6,81.7,103.0,32.2,21
585,Bentancur,Rodrigo Bentancur,18,Spurs,MID,d,Doubtful,50.0,Hamstring injury - 50% chance of playing,1407,17,1,1,5,0,268.6,159.7,85.0,51.6,21
586,Bergvall,Lucas Bergvall,18,Spurs,MID,d,Doubtful,75.0,Knock - 75% chance of playing,798,10,1,2,2,0,133.4,77.4,127.0,33.9,21
587,Bissouma,Yves Bissouma,18,Spurs,MID,a,Available,100.0,,0,0,0,0,0,0,0.0,0.0,0.0,0.0,21
588,Odobert,Wilson Odobert,18,Spurs,MID,a,Available,100.0,,706,6,0,1,0,0,97.6,175.2,120.0,39.2,21
589,Solomon,Manor Solomon,18,Spurs,MID,u,Unavailable,0.0,has joined Fiorentina on loan for the rest of the season.,0,0,0,0,0,0,0.0,0.0,0.0,0.0,21
590,Bryan,Bryan Gil Salvatierra,18,Spurs,MID,u,Unavailable,0.0,has joined Girona permanently.,0,0,0,0,0,0,0.0,0.0,0.0,0.0,21
591,Gray,Archie Gray,18,Spurs,MID,a,Available,100.0,,600,8,1,0,3,0,91.0,44.6,78.0,21.3,21
592,Moore,Mikey Moore,18,Spurs,MID,u,Unavailable,0.0,Has joined Rangers on loan for the rest of the season.,0,0,0,0,0,0,0.0,0.0,0.0,0.0,21
593,P.M.Sarr,Pape Matar Sarr,18,Spurs,MID,n,Not in squad,0.0,On international duty at the Africa Cup of Nations from Gameweek 17 onwards. - Unknown return date,703,7,2,2,0,0,154.6,84.7,94.0,33.4,21
594,Min-hyeok,Yang Min-hyeok,18,Spurs,MID,u,Unavailable,0.0,has joined Coventry City on loan for the rest of the season.,0,0,0,0,0,0,0.0,0.0,0.0,0.0,21
595,Olusesi,Callum Olusesi,18,Spurs,MID,a,Available,,,0,0,0,0,0,0,0.0,0.0,0.0,0.0,21
596,Solanke,Dominic Solanke-Mitchell,18,Spurs,FWD,a,Available,100.0,,31,0,0,0,0,0,6.0,0.3,25.0,3.1,21
597,Richarlison,Richarlison de Andrade,18,Spurs,FWD,d,Doubtful,75.0,Hamstring injury - 75% chance of playing,1276,13,7,3,4,0,381.8,159.3,464.0,100.4,21
598,Lankshear,Will Lankshear,18,Spurs,FWD,u,Unavailable,0.0,Has joined Oxford United on loan for the rest of the season.,0,0,0,0,0,0,0.0,0.0,0.0,0.0,21
599,Scarlett,Dane Scarlett,18,Spurs,FWD,a,Available,,,2,0,0,0,0,0,0.0,0.1,2.0,0.2,21
673,J.Palhinha,João Maria Lobo Alves Palhares Costa Palhinha Gonçalves,18,Spurs,MID,a,Available,,,1299,14,3,3,5,0,385.8,85.3,138.0,61.1,21
717,Xavi,Xavi Simons,18,Spurs,MID,a,Available,100.0,,920,10,1,3,2,1,173.2,181.3,102.0,45.7,21
726,Kolo Muani,Randal Kolo Muani,18,Spurs,FWD,a,Available,100.0,,832,10,0,0,2,0,67.6,137.7,141.0,34.0,21
745,Byfield,Jun'ai Byfield,18,Spurs,DEF,a,Available,,,0,0,0,0,0,0,0.0,0.0,0.0,0.0,21
750,Rowswell,James Rowswell,18,Spurs,DEF,a,Available,,,0,0,0,0,0,0,0.0,0.0,0.0,0.0,21
751,Akhamrich,Yusuf Akhamrich,18,Spurs,MID,a,Available,,,0,0,0,0,0,0,0.0,0.0,0.0,0.0,21
790,Williams-Barnett,Lucá Williams-Barnett,18,Spurs,MID,a,Available,,,0,0,0,0,0,0,0.0,0.0,0.0,0.0,21
149,Igor,Igor Julio dos Santos de Paulo,19,West Ham,DEF,a,Available,100.0,,103,1,0,0,0,0,25.8,10.6,0.0,3.6,21
600,Areola,Alphonse Areola,19,West Ham,GK,a,Available,,,1530,17,0,1,0,0,513.4,10.0,0.0,52.2,21
601,Foderingham,Wes Foderingham,19,West Ham,GK,u,Unavailable,0.0,has joined Aris Limassol permanently.,0,0,0,0,0,0,0.0,0.0,0.0,0.0,21
602,Hegyi,Krisztián Hegyi,19,West Ham,GK,a,Available,,,0,0,0,0,0,0,0.0,0.0,0.0,0.0,21
603,Diouf,El Hadji Malick Diouf,19,West Ham,DEF,n,Not in squad,0.0,On international duty at the Africa Cup of Nations from Gameweek 17 onwards. - Unknown return date,1387,15,0,4,3,0,267.4,158.3,64.0,49.0,21
604,Emerson,Emerson Palmieri dos Santos,19,West Ham,DEF,u,Unavailable,0.0,has joined Marseille permanently.,0,0,0,0,0,0,0.0,0.0,0.0,0.0,21
605,Kilman,Maximilian Kilman,19,West Ham,DEF,a,Available,,,1533,17,0,0,4,0,380.8,55.6,60.0,49.7,21
606,Mavropanos,Konstantinos Mavropanos,19,West Ham,DEF,d,Doubtful,75.0,Neck - 75% chance of playing,1091,11,0,0,2,0,277.4,10.8,105.0,39.3,21
607,N.Aguerd,Nayef Aguerd,19,West Ham,DEF,u,Unavailable,0.0,has joined Marseille permanently.,180,2,0,0,0,0,39.0,3.9,8.0,5.1,21
608,Scarles,Ollie Scarles,19,West Ham,DEF,a,Available,100.0,,464,7,0,0,0,0,92.8,44.6,18.0,15.6,21
609,Todibo,Jean-Clair Todibo,19,West Ham,DEF,a,Available,100.0,,1251,15,0,1,4,0,277.4,62.8,15.0,35.6,21
610,Wan-Bissaka,Aaron Wan-Bissaka,19,West Ham,DEF,a,Available,100.0,,1011,11,0,1,2,0,195.8,171.4,18.0,38.7,21
611,Casey,Kaelan Casey,19,West Ham,DEF,u,Unavailable,0.0,Has joined Swansea City on loan for the rest of the season.,0,0,0,0,0,0,0.0,0.0,0.0,0.0,21
612,L.Paquetá,Lucas Tolentino Coelho de Lima,19,West Ham,MID,a,Available,100.0,,1513,18,4,2,5,1,374.6,397.2,186.0,95.7,21
613,Souček,Tomáš Souček,19,West Ham,MID,a,Available,100.0,,716,7,2,2,0,1,193.2,54.5,206.0,45.4,21
614,Ward-Prowse,James Ward-Prowse,19,West Ham,MID,a,Available,,,414,5,0,0,0,0,56.6,176.3,6.0,23.9,21
615,Summerville,Crysencio Summerville,19,West Ham,MID,a,Available,100.0,,1137,14,0,3,3,0,117.6,173.8,211.0,50.3,21
616,Álvarez,Edson Álvarez Velázquez,19,West Ham,MID,u,Unavailable,0.0,Has joined Fenerbahçe on loan for the rest of the season.,0,0,0,0,0,0,0.0,0.0,0.0,0.0,21
617,Cornet,Maxwel Cornet,19,West Ham,MID,u,Unavailable,0.0,has joined Genoa on loan for the rest of the season.,0,0,0,0,0,0,0.0,0.0,0.0,0.0,21
618,G.Rodriguez,Guido Rodríguez,19,West Ham,MID,a,Available,,,164,2,0,0,1,0,5.6,6.0,2.0,1.3,21
619,L.Guilherme,Luis Guilherme Lira dos Santos,19,West Ham,MID,u,Unavailable,0.0,has joined Sporting CP permanently.,121,1,0,0,0,0,9.2,14.5,4.0,2.5,21
620,Earthy,George Earthy,19,West Ham,MID,a,Available,100.0,,8,0,0,0,0,0,0.0,1.5,2.0,0.4,21
621,Irving,Andy Irving,19,West Ham,MID,a,Available,,,156,2,0,0,0,0,31.6,52.3,2.0,8.6,21
622,Orford,Lewis Orford,19,West Ham,MID,u,Unavailable,0.0,has joined Stevenage on loan for the rest of the season.,0,0,0,0,0,0,0.0,0.0,0.0,0.0,21
623,Potts,Freddie Potts,19,West Ham,MID,a,Available,100.0,,967,10,0,1,1,0,159.0,124.8,35.0,31.9,21
624,Bowen,Jarrod Bowen,19,West Ham,FWD,a,Available,,,1890,21,6,2,2,0,399.2,267.2,566.0,123.1,21
625,Füllkrug,Niclas Füllkrug,19,West Ham,FWD,u,Unavailable,0.0,has joined AC Milan on loan for the rest of the season.,407,5,0,0,0,0,26.0,85.1,130.0,23.8,21
626,Marshall,Callum Marshall,19,West Ham,FWD,u,Unavailable,0.0,has joined VfL Bochum 1848 on loan for the rest of the season.,58,0,0,0,0,0,1.2,0.1,7.0,0.8,21
659,Walker-Peters,Kyle Walker-Peters,19,West Ham,DEF,a,Available,,,952,10,1,0,2,0,202.2,87.9,98.0,38.9,21
671,Wilson,Callum Wilson,19,West Ham,FWD,a,Available,,,803,8,4,2,0,0,178.2,60.5,266.0,49.7,21
679,Hermansen,Mads Hermansen,19,West Ham,GK,a,Available,,,360,4,0,0,0,0,84.8,0.0,0.0,8.5,21
708,M.Fernandes,Mateus Gonçalo Espanha Fernandes,19,West Ham,MID,a,Available,,,1493,18,2,1,2,0,337.2,360.6,69.0,76.8,21
718,S.Magassa,Soungoutou Magassa,19,West Ham,MID,a,Available,,,732,9,1,0,2,0,149.6,66.4,37.0,25.3,21
738,Fabianski,Lukasz Fabianski,19,West Ham,GK,d,Doubtful,25.0,Back injury - 25% chance of playing,0,0,0,0,0,0,0.0,0.0,0.0,0.0,21
747,Mayers,Ezra Mayers,19,West Ham,DEF,a,Available,,,112,0,0,0,0,0,21.2,33.8,9.0,6.4,21
752,Golambeckis,Airidas Golambeckis,19,West Ham,DEF,a,Available,,,0,0,0,0,0,0,0.0,0.0,0.0,0.0,21
758,Mohamadou Kanté,Mohamadou Kanté,19,West Ham,MID,a,Available,,,16,0,0,0,0,0,4.4,10.9,4.0,1.7,21
785,Pablo,Pablo Felipe Pereira de Jesus,19,West Ham,FWD,a,Available,,,27,0,0,0,0,0,0.4,12.3,4.0,1.7,21
791,Taty,Valentín Castellanos,19,West Ham,FWD,a,Available,,,90,1,0,0,0,0,5.0,21.9,44.0,7.1,21
627,Johnstone,Sam Johnstone,20,Wolves,GK,a,Available,,,1080,12,0,0,0,0,308.0,0.1,0.0,30.8,21
628,José Sá,José Malheiro de Sá,20,Wolves,GK,a,Available,,,810,9,0,0,1,0,149.2,10.0,0.0,16.1,21
629,Bentley,Daniel Bentley,20,Wolves,GK,a,Available,100.0,,0,0,0,0,0,0,0.0,0.0,0.0,0.0,21
631,Agbadou,Emmanuel Agbadou,20,Wolves,DEF,a,Available,100.0,,1010,11,0,0,1,1,286.4,65.2,69.0,42.1,21
632,Doherty,Matt Doherty,20,Wolves,DEF,a,Available,100.0,,599,8,0,0,4,0,104.4,50.1,18.0,17.3,21
633,H.Bueno,Hugo Bueno López,20,Wolves,DEF,a,Available,100.0,,1158,12,0,2,1,0,280.0,358.5,106.0,74.7,21
634,Mosquera,Yerson Mosquera Valdelamar,20,Wolves,DEF,a,Available,100.0,,866,10,0,0,6,0,178.6,75.8,88.0,34.2,21
635,R.Gomes,Rodrigo Martins Gomes,20,Wolves,DEF,a,Available,100.0,,331,4,1,0,0,0,60.2,40.4,103.0,20.5,21
636,S.Bueno,Santiago Ignacio Bueno,20,Wolves,DEF,a,Available,100.0,,1024,11,2,1,2,0,285.0,59.8,107.0,45.1,21
637,Toti,Toti Gomes,20,Wolves,DEF,i,Injured,0.0,Hamstring injury - Unknown return date,949,12,0,0,1,1,212.2,77.4,29.0,31.9,21
638,Hoever,Ki-Jana Hoever,20,Wolves,DEF,a,Available,100.0,,423,6,0,0,0,0,101.4,87.8,13.0,20.3,21
639,Meupiyou,Bastien Meupiyou Menadjou,20,Wolves,DEF,u,Unavailable,0.0,On loan to FC Alverca,0,0,0,0,0,0,0.0,0.0,0.0,0.0,21
640,Pedro Lima,Pedro Cardoso de Lima,20,Wolves,DEF,a,Available,100.0,,1,0,0,0,0,0,0.2,0.1,0.0,0.0,21
641,Pond,Alfie Pond,20,Wolves,DEF,u,Unavailable,0.0,has joined Crewe Alexandra on loan for the rest of the season.,0,0,0,0,0,0,0.0,0.0,0.0,0.0,21
642,Hee Chan,Hwang Hee-chan,20,Wolves,MID,a,Available,100.0,,879,11,2,1,3,0,117.4,113.8,136.0,36.1,21
643,André,André Trindade da Costa Neto,20,Wolves,MID,a,Available,100.0,,1423,15,0,0,5,0,218.8,190.4,15.0,42.4,21
644,Bellegarde,Jean-Ricner Bellegarde,20,Wolves,MID,i,Injured,0.0,Hamstring injury - Expected back 24 Jan,685,9,1,0,1,0,111.2,91.3,93.0,29.4,21
645,Fer López,Fer López González,20,Wolves,MID,a,Available,100.0,,228,2,0,1,1,0,29.0,61.0,37.0,12.4,21
646,Gomes,João Victor Gomes da Silva,20,Wolves,MID,a,Available,100.0,,1594,18,0,0,6,0,242.8,184.6,101.0,53.2,21
647,Guedes,Gonçalo Manuel Ganchinho Guedes,20,Wolves,MID,u,Unavailable,0.0,Has joined Real Sociedad permanently.,0,0,0,0,0,0,0.0,0.0,0.0,0.0,21
648,Munetsi,Marshall Munetsi,20,Wolves,MID,d,Doubtful,50.0,Calf injury - 50% chance of playing,872,9,1,2,2,0,163.6,61.8,196.0,42.1,21
649,B.Traore,Boubacar Traoré,20,Wolves,MID,u,Unavailable,0.0,Has joined FC Metz on loan for the rest of the season.,0,0,0,0,0,0,0.0,0.0,0.0,0.0,21
650,Chirewa,Tawanda Chirewa,20,Wolves,MID,a,Available,100.0,,25,0,0,0,0,0,3.2,0.3,0.0,0.4,21
651,Edozie,Tom Edozie,20,Wolves,MID,a,Available,,,0,0,0,0,0,0,0.0,0.0,0.0,0.0,21
652,Gonzalez,Enso González Medina,20,Wolves,MID,a,Available,,,0,0,0,0,0,0,0.0,0.0,0.0,0.0,21
653,Hodge,Joe Hodge,20,Wolves,MID,u,Unavailable,0.0,Signed by CD Tondela,0,0,0,0,0,0,0.0,0.0,0.0,0.0,21
654,Strand Larsen,Jørgen Strand Larsen,20,Wolves,FWD,a,Available,100.0,,1309,14,1,1,2,0,121.6,101.3,244.0,46.2,21
655,Fábio Silva,Fábio Soares Silva,20,Wolves,FWD,u,Unavailable,0.0,has joined Borussia Dortmund permanently.,0,0,0,0,0,0,0.0,0.0,0.0,0.0,21
656,Kalajdžić,Saša Kalajdžić,20,Wolves,FWD,u,Unavailable,0.0,has joined LASK on loan for the rest of the season.,14,0,0,0,0,0,1.0,4.3,2.0,0.7,21
657,Chiwome,Leon Chiwome,20,Wolves,FWD,i,Injured,0.0,Knee injury - Unknown return date,0,0,0,0,0,0,0.0,0.0,0.0,0.0,21
658,Fraser,Nathan Fraser,20,Wolves,FWD,a,Available,,,0,0,0,0,0,0,0.0,0.0,0.0,0.0,21
663,J.Arias,Jhon Arias,20,Wolves,MID,a,Available,,,1043,13,1,0,1,0,168.4,201.9,146.0,51.5,21
682,Møller Wolfe,David Møller Wolfe,20,Wolves,DEF,a,Available,,,703,8,0,2,1,0,113.4,101.8,44.0,26.1,21
695,Tchatchoua,Jackson Tchatchoua,20,Wolves,DEF,a,Available,,,1101,10,0,0,2,0,188.2,211.5,32.0,43.2,21
709,Krejčí,Ladislav Krejcí,20,Wolves,DEF,a,Available,100.0,,1390,16,2,1,2,0,348.8,111.1,194.0,65.5,21
720,Tolu,Tolu Arokodare,20,Wolves,FWD,a,Available,,,665,7,1,1,1,0,82.4,111.2,210.0,39.8,21
749,Mané,Mateus Mané,20,Wolves,FWD,a,Available,,,446,4,2,2,0,0,136.8,80.1,89.0,30.5,21
766,Olagunju,Saheed Olagunju,20,Wolves,DEF,a,Available,,,0,0,0,0,0,0,0.0,0.0,0.0,0.0,21
767,Rawlings,Luke Rawlings,20,Wolves,MID,a,Available,,,0,0,0,0,0,0,0.0,0.0,0.0,0.0,21
777,Ojinnaka,Temple Ojinnaka,20,Wolves,MID,a,Available,,,0,0,0,0,0,0,0.0,0.0,0.0,0.0,21
778,Sutherland,Ethan Sutherland,20,Wolves,MID,a,Available,,,0,0,0,0,0,0,0.0,0.0,0.0,0.0,21
